use gamehub;


#Criar Avatares
insert into avatar (id, link) values (1, 'https://robohash.org/eumfacereest.png?size=1000x1000&set=set1');
insert into avatar (id, link) values (2, 'https://robohash.org/enimvoluptatesexercitationem.png?size=1000x1000&set=set1');
insert into avatar (id, link) values (3, 'https://robohash.org/occaecatievenietperferendis.png?size=1000x1000&set=set1');
insert into avatar (id, link) values (4, 'https://robohash.org/culpanostrumanimi.png?size=1000x1000&set=set1');
insert into avatar (id, link) values (5, 'https://robohash.org/illodoloremdolore.png?size=1000x1000&set=set1');
insert into avatar (id, link) values (6, 'https://robohash.org/utdoloremdoloribus.png?size=1000x1000&set=set1');
insert into avatar (id, link) values (7, 'https://robohash.org/quoddolorumvelit.png?size=1000x1000&set=set1');
insert into avatar (id, link) values (8, 'https://robohash.org/estinventoreiure.png?size=1000x1000&set=set1');
insert into avatar (id, link) values (9, 'https://robohash.org/repudiandaeculpaalias.png?size=1000x1000&set=set1');
insert into avatar (id, link) values (10, 'https://robohash.org/etsitnon.png?size=1000x1000&set=set1');
insert into avatar (id, link) values (11, 'https://robohash.org/velconsequaturaperiam.png?size=1000x1000&set=set1');
insert into avatar (id, link) values (12, 'https://robohash.org/autminusassumenda.png?size=1000x1000&set=set1');
insert into avatar (id, link) values (13, 'https://robohash.org/erroriustosunt.png?size=1000x1000&set=set1');
insert into avatar (id, link) values (14, 'https://robohash.org/repudiandaedoloreset.png?size=1000x1000&set=set1');
insert into avatar (id, link) values (15, 'https://robohash.org/laudantiuminciduntexpedita.png?size=1000x1000&set=set1');
insert into avatar (id, link) values (16, 'https://robohash.org/molestiaepariaturaut.png?size=1000x1000&set=set1');
insert into avatar (id, link) values (17, 'https://robohash.org/nisiipsamodi.png?size=1000x1000&set=set1');
insert into avatar (id, link) values (18, 'https://robohash.org/quianesciuntnon.png?size=1000x1000&set=set1');
insert into avatar (id, link) values (19, 'https://robohash.org/iureadipiscieaque.png?size=1000x1000&set=set1');
insert into avatar (id, link) values (20, 'https://robohash.org/etnumquammaiores.png?size=1000x1000&set=set1');
insert into avatar (id, link) values (21, 'https://robohash.org/velitfacereiusto.png?size=1000x1000&set=set1');
insert into avatar (id, link) values (22, 'https://robohash.org/ipsumitaqueaut.png?size=1000x1000&set=set1');
insert into avatar (id, link) values (23, 'https://robohash.org/estfugiataliquid.png?size=1000x1000&set=set1');
insert into avatar (id, link) values (24, 'https://robohash.org/laborumquiqui.png?size=1000x1000&set=set1');
insert into avatar (id, link) values (25, 'https://robohash.org/quideminciduntquod.png?size=1000x1000&set=set1');
insert into avatar (id, link) values (26, 'https://robohash.org/facilisipsaomnis.png?size=1000x1000&set=set1');
insert into avatar (id, link) values (27, 'https://robohash.org/temporesintnumquam.png?size=1000x1000&set=set1');
insert into avatar (id, link) values (28, 'https://robohash.org/mollitiaenimid.png?size=1000x1000&set=set1');
insert into avatar (id, link) values (29, 'https://robohash.org/quidemetnihil.png?size=1000x1000&set=set1');
insert into avatar (id, link) values (30, 'https://robohash.org/inciduntcorporisdoloribus.png?size=1000x1000&set=set1');
insert into avatar (id, link) values (31, 'https://robohash.org/inciduntipsumomnis.png?size=1000x1000&set=set1');
insert into avatar (id, link) values (32, 'https://robohash.org/porrocorruptipariatur.png?size=1000x1000&set=set1');
insert into avatar (id, link) values (33, 'https://robohash.org/adipisciplaceatrem.png?size=1000x1000&set=set1');
insert into avatar (id, link) values (34, 'https://robohash.org/evenietquisnam.png?size=1000x1000&set=set1');
insert into avatar (id, link) values (35, 'https://robohash.org/consequaturconsequaturipsa.png?size=1000x1000&set=set1');
insert into avatar (id, link) values (36, 'https://robohash.org/voluptatemveritatisipsa.png?size=1000x1000&set=set1');
insert into avatar (id, link) values (37, 'https://robohash.org/providentquaeratsunt.png?size=1000x1000&set=set1');
insert into avatar (id, link) values (38, 'https://robohash.org/accusamusdolordolor.png?size=1000x1000&set=set1');
insert into avatar (id, link) values (39, 'https://robohash.org/idautnecessitatibus.png?size=1000x1000&set=set1');
insert into avatar (id, link) values (40, 'https://robohash.org/quisquamnemotempore.png?size=1000x1000&set=set1');
insert into avatar (id, link) values (41, 'https://robohash.org/suntaspernaturomnis.png?size=1000x1000&set=set1');
insert into avatar (id, link) values (42, 'https://robohash.org/vitaeinanimi.png?size=1000x1000&set=set1');
insert into avatar (id, link) values (43, 'https://robohash.org/sapienteautemquia.png?size=1000x1000&set=set1');
insert into avatar (id, link) values (44, 'https://robohash.org/utdolorsimilique.png?size=1000x1000&set=set1');
insert into avatar (id, link) values (45, 'https://robohash.org/doloroditvoluptatem.png?size=1000x1000&set=set1');
insert into avatar (id, link) values (46, 'https://robohash.org/eligendienimofficiis.png?size=1000x1000&set=set1');
insert into avatar (id, link) values (47, 'https://robohash.org/laborumdolorsuscipit.png?size=1000x1000&set=set1');
insert into avatar (id, link) values (48, 'https://robohash.org/harumvoluptatemrerum.png?size=1000x1000&set=set1');
insert into avatar (id, link) values (49, 'https://robohash.org/illummaioresvelit.png?size=1000x1000&set=set1');
insert into avatar (id, link) values (50, 'https://robohash.org/perspiciatisarchitectodeleniti.png?size=1000x1000&set=set1');
insert into avatar (id, link) values (51, 'https://robohash.org/voluptatescorporisquia.png?size=1000x1000&set=set1');
insert into avatar (id, link) values (52, 'https://robohash.org/minusoccaecatilabore.png?size=1000x1000&set=set1');
insert into avatar (id, link) values (53, 'https://robohash.org/ametetmodi.png?size=1000x1000&set=set1');
insert into avatar (id, link) values (54, 'https://robohash.org/blanditiisexercitationemveniam.png?size=1000x1000&set=set1');
insert into avatar (id, link) values (55, 'https://robohash.org/fugiathicpraesentium.png?size=1000x1000&set=set1');
insert into avatar (id, link) values (56, 'https://robohash.org/quiarerumearum.png?size=1000x1000&set=set1');
insert into avatar (id, link) values (57, 'https://robohash.org/similiqueaccusamusvoluptatem.png?size=1000x1000&set=set1');
insert into avatar (id, link) values (58, 'https://robohash.org/laudantiumdolorumofficia.png?size=1000x1000&set=set1');
insert into avatar (id, link) values (59, 'https://robohash.org/enimadmolestias.png?size=1000x1000&set=set1');
insert into avatar (id, link) values (60, 'https://robohash.org/eligendidolornostrum.png?size=1000x1000&set=set1');
insert into avatar (id, link) values (61, 'https://robohash.org/doloribusfacerelaudantium.png?size=1000x1000&set=set1');
insert into avatar (id, link) values (62, 'https://robohash.org/rerumremeum.png?size=1000x1000&set=set1');
insert into avatar (id, link) values (63, 'https://robohash.org/corporisexpeditapraesentium.png?size=1000x1000&set=set1');
insert into avatar (id, link) values (64, 'https://robohash.org/doloresexercitationemsit.png?size=1000x1000&set=set1');
insert into avatar (id, link) values (65, 'https://robohash.org/cupiditatereiciendisquas.png?size=1000x1000&set=set1');
insert into avatar (id, link) values (66, 'https://robohash.org/eumeanecessitatibus.png?size=1000x1000&set=set1');
insert into avatar (id, link) values (67, 'https://robohash.org/omnisquasivoluptatem.png?size=1000x1000&set=set1');
insert into avatar (id, link) values (68, 'https://robohash.org/eaquodut.png?size=1000x1000&set=set1');
insert into avatar (id, link) values (69, 'https://robohash.org/consequaturautvoluptatem.png?size=1000x1000&set=set1');
insert into avatar (id, link) values (70, 'https://robohash.org/atestet.png?size=1000x1000&set=set1');
insert into avatar (id, link) values (71, 'https://robohash.org/optioprovidentmolestiae.png?size=1000x1000&set=set1');
insert into avatar (id, link) values (72, 'https://robohash.org/quitemporafacere.png?size=1000x1000&set=set1');
insert into avatar (id, link) values (73, 'https://robohash.org/sedquiet.png?size=1000x1000&set=set1');
insert into avatar (id, link) values (74, 'https://robohash.org/iustoveroomnis.png?size=1000x1000&set=set1');
insert into avatar (id, link) values (75, 'https://robohash.org/aliquidquideleniti.png?size=1000x1000&set=set1');
insert into avatar (id, link) values (76, 'https://robohash.org/adipiscialiquideum.png?size=1000x1000&set=set1');
insert into avatar (id, link) values (77, 'https://robohash.org/eligendiquiaaliquam.png?size=1000x1000&set=set1');
insert into avatar (id, link) values (78, 'https://robohash.org/iustopraesentiummagni.png?size=1000x1000&set=set1');
insert into avatar (id, link) values (79, 'https://robohash.org/molestiaspariaturaut.png?size=1000x1000&set=set1');
insert into avatar (id, link) values (80, 'https://robohash.org/voluptatemdebitistotam.png?size=1000x1000&set=set1');
insert into avatar (id, link) values (81, 'https://robohash.org/oditducimusquis.png?size=1000x1000&set=set1');
insert into avatar (id, link) values (82, 'https://robohash.org/autnonmolestiae.png?size=1000x1000&set=set1');
insert into avatar (id, link) values (83, 'https://robohash.org/idetvitae.png?size=1000x1000&set=set1');
insert into avatar (id, link) values (84, 'https://robohash.org/nonquiporro.png?size=1000x1000&set=set1');
insert into avatar (id, link) values (85, 'https://robohash.org/corruptiistealias.png?size=1000x1000&set=set1');
insert into avatar (id, link) values (86, 'https://robohash.org/quaeratutet.png?size=1000x1000&set=set1');
insert into avatar (id, link) values (87, 'https://robohash.org/saepeducimusquia.png?size=1000x1000&set=set1');
insert into avatar (id, link) values (88, 'https://robohash.org/essefacereeligendi.png?size=1000x1000&set=set1');
insert into avatar (id, link) values (89, 'https://robohash.org/facilismagniqui.png?size=1000x1000&set=set1');
insert into avatar (id, link) values (90, 'https://robohash.org/estofficiasint.png?size=1000x1000&set=set1');
insert into avatar (id, link) values (91, 'https://robohash.org/seditaqueiure.png?size=1000x1000&set=set1');
insert into avatar (id, link) values (92, 'https://robohash.org/etdoloreporro.png?size=1000x1000&set=set1');
insert into avatar (id, link) values (93, 'https://robohash.org/quoeumfacere.png?size=1000x1000&set=set1');
insert into avatar (id, link) values (94, 'https://robohash.org/harumautsunt.png?size=1000x1000&set=set1');
insert into avatar (id, link) values (95, 'https://robohash.org/voluptatesnisiquo.png?size=1000x1000&set=set1');
insert into avatar (id, link) values (96, 'https://robohash.org/voluptasfugiatcorporis.png?size=1000x1000&set=set1');
insert into avatar (id, link) values (97, 'https://robohash.org/utdoloresrepellat.png?size=1000x1000&set=set1');
insert into avatar (id, link) values (98, 'https://robohash.org/consecteturetvoluptatibus.png?size=1000x1000&set=set1');
insert into avatar (id, link) values (99, 'https://robohash.org/consequaturquasirem.png?size=1000x1000&set=set1');
insert into avatar (id, link) values (100, 'https://robohash.org/autnesciuntad.png?size=1000x1000&set=set1');




##########################
# Criar Caixas de mensagem
insert into caixa_mensagens (id) values (1);
insert into caixa_mensagens (id) values (2);
insert into caixa_mensagens (id) values (3);
insert into caixa_mensagens (id) values (4);
insert into caixa_mensagens (id) values (5);
insert into caixa_mensagens (id) values (6);
insert into caixa_mensagens (id) values (7);
insert into caixa_mensagens (id) values (8);
insert into caixa_mensagens (id) values (9);
insert into caixa_mensagens (id) values (10);
insert into caixa_mensagens (id) values (11);
insert into caixa_mensagens (id) values (12);
insert into caixa_mensagens (id) values (13);
insert into caixa_mensagens (id) values (14);
insert into caixa_mensagens (id) values (15);
insert into caixa_mensagens (id) values (16);
insert into caixa_mensagens (id) values (17);
insert into caixa_mensagens (id) values (18);
insert into caixa_mensagens (id) values (19);
insert into caixa_mensagens (id) values (20);



#############
# Criar Grupo
insert into grupo (id, caixamensagens_id, image_link) values (1,1, 'https://i.imgur.com/Rd52p2k.png');
insert into grupo (id, caixamensagens_id, image_link) values (2,2, 'https://i.imgur.com/Rd52p2k.png');
insert into grupo (id, caixamensagens_id, image_link) values (3,3, 'https://i.imgur.com/Rd52p2k.png');
insert into grupo (id, caixamensagens_id, image_link) values (4,4, 'https://i.imgur.com/Rd52p2k.png');
insert into grupo (id, caixamensagens_id, image_link) values (5, 5, 'https://i.imgur.com/Rd52p2k.png');
insert into grupo (id, caixamensagens_id, image_link) values (6, 6, 'https://i.imgur.com/Rd52p2k.png');
insert into grupo (id, caixamensagens_id, image_link) values (7, 7, 'https://i.imgur.com/Rd52p2k.png');
insert into grupo (id, caixamensagens_id, image_link) values (8, 8, 'https://i.imgur.com/Rd52p2k.png');
insert into grupo (id, caixamensagens_id, image_link) values (9, 9, 'https://i.imgur.com/Rd52p2k.png');
insert into grupo (id, caixamensagens_id, image_link) values (10, 10, 'https://i.imgur.com/Rd52p2k.png');
insert into grupo (id, caixamensagens_id, image_link) values (11, 11, 'https://i.imgur.com/Rd52p2k.png');
insert into grupo (id, caixamensagens_id, image_link) values (12, 12, 'https://i.imgur.com/Rd52p2k.png');
insert into grupo (id, caixamensagens_id, image_link) values (13, 13, 'https://i.imgur.com/Rd52p2k.png');
insert into grupo (id, caixamensagens_id, image_link) values (14, 14, 'https://i.imgur.com/Rd52p2k.png');
insert into grupo (id, caixamensagens_id, image_link) values (15, 15, 'https://i.imgur.com/Rd52p2k.png');
insert into grupo (id, caixamensagens_id, image_link) values (16, 16, 'https://i.imgur.com/Rd52p2k.png');
insert into grupo (id, caixamensagens_id, image_link) values (17, 17, 'https://i.imgur.com/Rd52p2k.png');
insert into grupo (id, caixamensagens_id, image_link) values (18, 18, 'https://i.imgur.com/Rd52p2k.png');
insert into grupo (id, caixamensagens_id, image_link) values (19, 19, 'https://i.imgur.com/Rd52p2k.png');
insert into grupo (id, caixamensagens_id, image_link) values (20, 20, 'https://i.imgur.com/Rd52p2k.png');





################
################
# Criar Gamers
insert into gamer (id, classificacao, data_nascimento, estado, nome, numero_classificacoes, avatar_id, grupo_id) values (1, 5, '1997-06-14 04:45:03', 'Male', 'GameHub', 5, 28, 13);
insert into gamer (id, classificacao, data_nascimento, estado, nome, numero_classificacoes, avatar_id, grupo_id) values (2, 1.61, '1992-10-30 18:15:38', 'Male', 'ntirrey1', 10, 88, 4);
insert into gamer (id, classificacao, data_nascimento, estado, nome, numero_classificacoes, avatar_id, grupo_id) values (3, 1.16, '2004-06-30 06:01:20', 'Female', 'efrye2', 4, 39, 5);
insert into gamer (id, classificacao, data_nascimento, estado, nome, numero_classificacoes, avatar_id, grupo_id) values (4, 1.38, '2005-12-01 02:57:40', 'Female', 'alenney3', 1, 46, 16);
insert into gamer (id, classificacao, data_nascimento, estado, nome, numero_classificacoes, avatar_id, grupo_id) values (5, 2.42, '1993-02-08 04:50:01', 'Male', 'pmccafferky4', 2, 68, 4);
insert into gamer (id, classificacao, data_nascimento, estado, nome, numero_classificacoes, avatar_id, grupo_id) values (6, 4.33, '2008-09-22 05:39:47', 'Male', 'tconcannon5', 4, 44, 10);
insert into gamer (id, classificacao, data_nascimento, estado, nome, numero_classificacoes, avatar_id, grupo_id) values (7, 4.36, '1999-01-01 07:38:11', 'Male', 'mstrugnell6', 4, 21, 17);
insert into gamer (id, classificacao, data_nascimento, estado, nome, numero_classificacoes, avatar_id, grupo_id) values (8, 2.07, '2000-02-13 00:10:35', 'Male', 'gfratson7', 10, 76, 11);
insert into gamer (id, classificacao, data_nascimento, estado, nome, numero_classificacoes, avatar_id, grupo_id) values (9, 1.87, '2003-12-19 05:12:27', 'Female', 'mcausnett8', 5, 55, 15);
insert into gamer (id, classificacao, data_nascimento, estado, nome, numero_classificacoes, avatar_id, grupo_id) values (10, 4.93, '2005-12-10 23:14:59', 'Male', 'wsolan9', 9, 59, 19);
insert into gamer (id, classificacao, data_nascimento, estado, nome, numero_classificacoes, avatar_id, grupo_id) values (11, 1.14, '2015-07-20 09:09:05', 'Female', 'cjoselanda', 2, 55, 18);
insert into gamer (id, classificacao, data_nascimento, estado, nome, numero_classificacoes, avatar_id, grupo_id) values (12, 3.07, '1995-11-23 09:57:14', 'Male', 'cfawlob', 8, 16, 15);
insert into gamer (id, classificacao, data_nascimento, estado, nome, numero_classificacoes, avatar_id, grupo_id) values (13, 3.2, '2011-03-28 15:33:48', 'Male', 'pdigglesc', 3, 77, 2);
insert into gamer (id, classificacao, data_nascimento, estado, nome, numero_classificacoes, avatar_id, grupo_id) values (14, 1.11, '2010-02-20 16:51:18', 'Male', 'aziemsd', 10, 77, 20);
insert into gamer (id, classificacao, data_nascimento, estado, nome, numero_classificacoes, avatar_id, grupo_id) values (15, 3.37, '2015-08-03 08:06:18', 'Male', 'alamartinee', 2, 25, 20);
insert into gamer (id, classificacao, data_nascimento, estado, nome, numero_classificacoes, avatar_id, grupo_id) values (16, 3.18, '2006-08-06 20:16:17', 'Female', 'tgratrexf', 4, 58, 11);
insert into gamer (id, classificacao, data_nascimento, estado, nome, numero_classificacoes, avatar_id, grupo_id) values (17, 2.09, '2002-08-31 13:04:17', 'Female', 'abeamontg', 7, 38, 18);
insert into gamer (id, classificacao, data_nascimento, estado, nome, numero_classificacoes, avatar_id, grupo_id) values (18, 4.92, '1997-07-11 11:29:00', 'Male', 'kblackabyh', 5, 17, 3);
insert into gamer (id, classificacao, data_nascimento, estado, nome, numero_classificacoes, avatar_id, grupo_id) values (19, 4.2, '2014-04-23 06:16:45', 'Male', 'bdenhami', 7, 1, 10);
insert into gamer (id, classificacao, data_nascimento, estado, nome, numero_classificacoes, avatar_id, grupo_id) values (20, 2.17, '1998-10-03 02:30:03', 'Male', 'slinkleterj', 10, 72, 17);
insert into gamer (id, classificacao, data_nascimento, estado, nome, numero_classificacoes, avatar_id, grupo_id) values (21, 4.0, '2009-03-25 08:49:09', 'Female', 'tpittwoodk', 7, 35, 14);
insert into gamer (id, classificacao, data_nascimento, estado, nome, numero_classificacoes, avatar_id, grupo_id) values (22, 4.24, '1997-12-25 02:45:01', 'Male', 'nrosebyl', 3, 73, 9);
insert into gamer (id, classificacao, data_nascimento, estado, nome, numero_classificacoes, avatar_id, grupo_id) values (23, 3.29, '1999-03-16 09:03:05', 'Male', 'oovertonm', 8, 13, 1);
insert into gamer (id, classificacao, data_nascimento, estado, nome, numero_classificacoes, avatar_id, grupo_id) values (24, 4.38, '1999-09-12 04:11:39', 'Female', 'goglevien', 3, 90, 1);
insert into gamer (id, classificacao, data_nascimento, estado, nome, numero_classificacoes, avatar_id, grupo_id) values (25, 3.34, '2003-05-21 04:17:05', 'Male', 'keilharto', 10, 23, 20);
insert into gamer (id, classificacao, data_nascimento, estado, nome, numero_classificacoes, avatar_id, grupo_id) values (26, 3.9, '2002-06-18 04:55:00', 'Male', 'dfollittp', 5, 49, 12);
insert into gamer (id, classificacao, data_nascimento, estado, nome, numero_classificacoes, avatar_id, grupo_id) values (27, 1.56, '1991-06-16 12:45:45', 'Male', 'sbernolletq', 5, 23, 6);
insert into gamer (id, classificacao, data_nascimento, estado, nome, numero_classificacoes, avatar_id, grupo_id) values (28, 3.54, '2003-02-28 23:12:54', 'Female', 'hdaudrayr', 2, 72, 5);
insert into gamer (id, classificacao, data_nascimento, estado, nome, numero_classificacoes, avatar_id, grupo_id) values (29, 1.72, '2001-07-17 10:59:37', 'Male', 'valdridges', 3, 65, 14);
insert into gamer (id, classificacao, data_nascimento, estado, nome, numero_classificacoes, avatar_id, grupo_id) values (30, 4.59, '2003-05-15 22:31:35', 'Female', 'eproomt', 7, 66, 4);
insert into gamer (id, classificacao, data_nascimento, estado, nome, numero_classificacoes, avatar_id, grupo_id) values (31, 2.43, '1993-04-01 21:18:02', 'Female', 'cbernardoniu', 8, 85, 14);
insert into gamer (id, classificacao, data_nascimento, estado, nome, numero_classificacoes, avatar_id, grupo_id) values (32, 3.01, '2003-12-12 16:22:25', 'Female', 'lhighwayv', 3, 55, 7);
insert into gamer (id, classificacao, data_nascimento, estado, nome, numero_classificacoes, avatar_id, grupo_id) values (33, 2.26, '1999-06-28 02:19:46', 'Female', 'hlandellsw', 3, 34, 12);
insert into gamer (id, classificacao, data_nascimento, estado, nome, numero_classificacoes, avatar_id, grupo_id) values (34, 4.52, '2008-08-26 16:53:06', 'Female', 'rpostlesx', 4, 34, 7);
insert into gamer (id, classificacao, data_nascimento, estado, nome, numero_classificacoes, avatar_id, grupo_id) values (35, 2.22, '2012-08-03 09:07:47', 'Female', 'bworstally', 3, 74, 19);
insert into gamer (id, classificacao, data_nascimento, estado, nome, numero_classificacoes, avatar_id, grupo_id) values (36, 4.81, '2007-08-18 18:18:13', 'Male', 'jdalgarnowchz', 1, 52, 8);
insert into gamer (id, classificacao, data_nascimento, estado, nome, numero_classificacoes, avatar_id, grupo_id) values (37, 1.69, '1997-04-18 15:07:16', 'Female', 'dberthelmot10', 8, 23, 5);
insert into gamer (id, classificacao, data_nascimento, estado, nome, numero_classificacoes, avatar_id, grupo_id) values (38, 2.71, '2000-04-09 02:34:08', 'Male', 'lchaman11', 8, 39, 10);
insert into gamer (id, classificacao, data_nascimento, estado, nome, numero_classificacoes, avatar_id, grupo_id) values (39, 1.22, '2001-12-15 07:15:00', 'Female', 'jhayball12', 8, 25, 6);
insert into gamer (id, classificacao, data_nascimento, estado, nome, numero_classificacoes, avatar_id, grupo_id) values (40, 3.39, '2008-11-16 09:44:58', 'Female', 'ahatherley13', 9, 84, 3);
insert into gamer (id, classificacao, data_nascimento, estado, nome, numero_classificacoes, avatar_id, grupo_id) values (41, 2.24, '2010-07-28 04:12:15', 'Male', 'gshadfourth14', 7, 100, 17);
insert into gamer (id, classificacao, data_nascimento, estado, nome, numero_classificacoes, avatar_id, grupo_id) values (42, 2.51, '2014-09-28 05:09:36', 'Male', 'ejiggens15', 6, 97, 17);
insert into gamer (id, classificacao, data_nascimento, estado, nome, numero_classificacoes, avatar_id, grupo_id) values (43, 1.77, '1994-04-13 19:51:37', 'Female', 'wseven16', 9, 4, 5);
insert into gamer (id, classificacao, data_nascimento, estado, nome, numero_classificacoes, avatar_id, grupo_id) values (44, 3.11, '2005-03-13 17:28:39', 'Male', 'amadre17', 6, 84, 10);
insert into gamer (id, classificacao, data_nascimento, estado, nome, numero_classificacoes, avatar_id, grupo_id) values (45, 1.02, '2002-05-24 12:30:19', 'Male', 'wdowry18', 10, 23, 3);
insert into gamer (id, classificacao, data_nascimento, estado, nome, numero_classificacoes, avatar_id, grupo_id) values (46, 3.44, '2012-06-19 01:22:59', 'Male', 'sbudgeon19', 3, 19, 15);
insert into gamer (id, classificacao, data_nascimento, estado, nome, numero_classificacoes, avatar_id, grupo_id) values (47, 1.97, '1998-02-09 06:44:57', 'Female', 'aambridge1a', 4, 71, 9);
insert into gamer (id, classificacao, data_nascimento, estado, nome, numero_classificacoes, avatar_id, grupo_id) values (48, 1.58, '2007-04-05 20:15:19', 'Male', 'lkeaveny1b', 10, 42, 8);
insert into gamer (id, classificacao, data_nascimento, estado, nome, numero_classificacoes, avatar_id, grupo_id) values (49, 4.36, '2009-12-23 01:06:27', 'Male', 'lhockey1c', 10, 74, 19);
insert into gamer (id, classificacao, data_nascimento, estado, nome, numero_classificacoes, avatar_id, grupo_id) values (50, 4.28, '2003-04-25 07:05:44', 'Female', 'lbennough1d', 9, 33, 3);
insert into gamer (id, classificacao, data_nascimento, estado, nome, numero_classificacoes, avatar_id, grupo_id) values (51, 3.67, '2011-04-06 12:00:04', 'Female', 'kkupker1e', 10, 20, 9);
insert into gamer (id, classificacao, data_nascimento, estado, nome, numero_classificacoes, avatar_id, grupo_id) values (52, 1.83, '1993-11-18 22:28:55', 'Female', 'jronnay1f', 9, 84, 2);
insert into gamer (id, classificacao, data_nascimento, estado, nome, numero_classificacoes, avatar_id, grupo_id) values (53, 1.76, '1991-05-29 03:29:20', 'Female', 'dhinkensen1g', 7, 69, 7);
insert into gamer (id, classificacao, data_nascimento, estado, nome, numero_classificacoes, avatar_id, grupo_id) values (54, 2.58, '2002-01-19 11:33:23', 'Male', 'mstephen1h', 5, 80, 2);
insert into gamer (id, classificacao, data_nascimento, estado, nome, numero_classificacoes, avatar_id, grupo_id) values (55, 1.13, '1998-10-26 13:08:24', 'Female', 'dgodfray1i', 6, 43, 14);
insert into gamer (id, classificacao, data_nascimento, estado, nome, numero_classificacoes, avatar_id, grupo_id) values (56, 3.47, '2012-05-18 17:13:46', 'Female', 'gphethean1j', 3, 46, 20);
insert into gamer (id, classificacao, data_nascimento, estado, nome, numero_classificacoes, avatar_id, grupo_id) values (57, 2.68, '1998-07-28 22:34:40', 'Female', 'bblare1k', 2, 14, 1);
insert into gamer (id, classificacao, data_nascimento, estado, nome, numero_classificacoes, avatar_id, grupo_id) values (58, 1.38, '2000-11-09 12:22:20', 'Female', 'csauven1l', 8, 68, 4);
insert into gamer (id, classificacao, data_nascimento, estado, nome, numero_classificacoes, avatar_id, grupo_id) values (59, 3.92, '2006-08-29 15:03:41', 'Male', 'pwormleighton1m', 6, 58, 9);
insert into gamer (id, classificacao, data_nascimento, estado, nome, numero_classificacoes, avatar_id, grupo_id) values (60, 4.29, '1993-06-15 23:44:18', 'Male', 'lselliman1n', 4, 26, 8);
insert into gamer (id, classificacao, data_nascimento, estado, nome, numero_classificacoes, avatar_id, grupo_id) values (61, 1.89, '2000-04-28 20:40:51', 'Male', 'ssollam1o', 6, 95, 20);
insert into gamer (id, classificacao, data_nascimento, estado, nome, numero_classificacoes, avatar_id, grupo_id) values (62, 1.41, '2007-03-05 20:03:44', 'Female', 'ostopp1p', 4, 59, 14);
insert into gamer (id, classificacao, data_nascimento, estado, nome, numero_classificacoes, avatar_id, grupo_id) values (63, 3.7, '2005-06-28 01:31:47', 'Female', 'skleinpeltz1q', 5, 93, 16);
insert into gamer (id, classificacao, data_nascimento, estado, nome, numero_classificacoes, avatar_id, grupo_id) values (64, 3.75, '1998-07-29 08:51:37', 'Female', 'jsurgenor1r', 6, 66, 1);
insert into gamer (id, classificacao, data_nascimento, estado, nome, numero_classificacoes, avatar_id, grupo_id) values (65, 3.17, '2000-08-23 06:22:45', 'Female', 'ispratley1s', 4, 89, 3);
insert into gamer (id, classificacao, data_nascimento, estado, nome, numero_classificacoes, avatar_id, grupo_id) values (66, 4.45, '1993-07-21 06:57:06', 'Female', 'vcasetta1t', 1, 91, 20);
insert into gamer (id, classificacao, data_nascimento, estado, nome, numero_classificacoes, avatar_id, grupo_id) values (67, 4.56, '2001-07-28 00:16:06', 'Female', 'klloyd1u', 6, 80, 17);
insert into gamer (id, classificacao, data_nascimento, estado, nome, numero_classificacoes, avatar_id, grupo_id) values (68, 4.53, '1998-02-08 13:19:12', 'Female', 'jorwell1v', 8, 77, 9);
insert into gamer (id, classificacao, data_nascimento, estado, nome, numero_classificacoes, avatar_id, grupo_id) values (69, 2.09, '2014-12-28 17:27:30', 'Male', 'fmongan1w', 3, 86, 20);
insert into gamer (id, classificacao, data_nascimento, estado, nome, numero_classificacoes, avatar_id, grupo_id) values (70, 1.04, '2009-11-10 22:05:01', 'Female', 'wgerrish1x', 8, 84, 7);
insert into gamer (id, classificacao, data_nascimento, estado, nome, numero_classificacoes, avatar_id, grupo_id) values (71, 2.27, '2006-08-23 07:12:01', 'Female', 'opochon1y', 7, 3, 10);
insert into gamer (id, classificacao, data_nascimento, estado, nome, numero_classificacoes, avatar_id, grupo_id) values (72, 3.42, '2013-05-23 04:55:39', 'Male', 'jgiovannetti1z', 4, 48, 3);
insert into gamer (id, classificacao, data_nascimento, estado, nome, numero_classificacoes, avatar_id, grupo_id) values (73, 1.43, '2014-07-19 18:26:52', 'Male', 'clivingston20', 6, 78, 15);
insert into gamer (id, classificacao, data_nascimento, estado, nome, numero_classificacoes, avatar_id, grupo_id) values (74, 3.35, '2005-09-20 21:58:06', 'Female', 'jturmell21', 2, 42, 17);
insert into gamer (id, classificacao, data_nascimento, estado, nome, numero_classificacoes, avatar_id, grupo_id) values (75, 2.92, '2011-08-25 13:10:52', 'Male', 'ttregaskis22', 8, 44, 12);
insert into gamer (id, classificacao, data_nascimento, estado, nome, numero_classificacoes, avatar_id, grupo_id) values (76, 3.93, '2004-03-18 06:06:31', 'Male', 'rbudcock23', 7, 85, 15);
insert into gamer (id, classificacao, data_nascimento, estado, nome, numero_classificacoes, avatar_id, grupo_id) values (77, 4.93, '2012-09-09 21:19:26', 'Female', 'klynthal24', 2, 20, 2);
insert into gamer (id, classificacao, data_nascimento, estado, nome, numero_classificacoes, avatar_id, grupo_id) values (78, 3.83, '2008-10-21 23:27:07', 'Female', 'bkopfer25', 2, 36, 9);
insert into gamer (id, classificacao, data_nascimento, estado, nome, numero_classificacoes, avatar_id, grupo_id) values (79, 2.03, '2007-04-22 17:48:12', 'Female', 'twaterdrinker26', 5, 74, 1);
insert into gamer (id, classificacao, data_nascimento, estado, nome, numero_classificacoes, avatar_id, grupo_id) values (80, 4.99, '2013-01-04 21:24:18', 'Female', 'cdelaunde27', 2, 91, 18);
insert into gamer (id, classificacao, data_nascimento, estado, nome, numero_classificacoes, avatar_id, grupo_id) values (81, 4.77, '2009-10-17 19:23:22', 'Female', 'strime28', 7, 39, 4);
insert into gamer (id, classificacao, data_nascimento, estado, nome, numero_classificacoes, avatar_id, grupo_id) values (82, 1.85, '2005-06-10 01:00:40', 'Female', 'ralmey29', 8, 90, 14);
insert into gamer (id, classificacao, data_nascimento, estado, nome, numero_classificacoes, avatar_id, grupo_id) values (83, 2.83, '2002-09-10 11:38:42', 'Male', 'kjaffa2a', 8, 96, 8);
insert into gamer (id, classificacao, data_nascimento, estado, nome, numero_classificacoes, avatar_id, grupo_id) values (84, 4.68, '1994-02-25 03:06:17', 'Male', 'wluty2b', 9, 70, 7);
insert into gamer (id, classificacao, data_nascimento, estado, nome, numero_classificacoes, avatar_id, grupo_id) values (85, 4.2, '2013-06-19 19:16:34', 'Female', 'chrinchenko2c', 10, 23, 6);
insert into gamer (id, classificacao, data_nascimento, estado, nome, numero_classificacoes, avatar_id, grupo_id) values (86, 4.21, '1998-08-14 16:48:38', 'Male', 'oraffon2d', 6, 97, 15);
insert into gamer (id, classificacao, data_nascimento, estado, nome, numero_classificacoes, avatar_id, grupo_id) values (87, 4.42, '2001-04-08 14:34:23', 'Male', 'rheeron2e', 8, 94, 10);
insert into gamer (id, classificacao, data_nascimento, estado, nome, numero_classificacoes, avatar_id, grupo_id) values (88, 1.99, '2009-04-18 13:06:51', 'Female', 'dkennerley2f', 7, 3, 13);
insert into gamer (id, classificacao, data_nascimento, estado, nome, numero_classificacoes, avatar_id, grupo_id) values (89, 1.97, '2005-02-11 03:13:26', 'Female', 'cmilland2g', 9, 72, 8);
insert into gamer (id, classificacao, data_nascimento, estado, nome, numero_classificacoes, avatar_id, grupo_id) values (90, 4.91, '1993-07-29 12:59:42', 'Male', 'cdummer2h', 8, 71, 2);
insert into gamer (id, classificacao, data_nascimento, estado, nome, numero_classificacoes, avatar_id, grupo_id) values (91, 4.41, '2000-02-13 17:52:09', 'Female', 'bmoyse2i', 2, 79, 10);
insert into gamer (id, classificacao, data_nascimento, estado, nome, numero_classificacoes, avatar_id, grupo_id) values (92, 4.37, '2000-07-31 19:00:01', 'Female', 'dbracchi2j', 7, 41, 17);
insert into gamer (id, classificacao, data_nascimento, estado, nome, numero_classificacoes, avatar_id, grupo_id) values (93, 1.6, '1998-03-16 22:18:33', 'Female', 'mflaonier2k', 7, 66, 10);
insert into gamer (id, classificacao, data_nascimento, estado, nome, numero_classificacoes, avatar_id, grupo_id) values (94, 2.18, '2001-09-01 23:19:29', 'Male', 'breglar2l', 8, 58, 9);
insert into gamer (id, classificacao, data_nascimento, estado, nome, numero_classificacoes, avatar_id, grupo_id) values (95, 3.26, '2002-08-29 15:09:51', 'Female', 'rjouen2m', 7, 36, 8);
insert into gamer (id, classificacao, data_nascimento, estado, nome, numero_classificacoes, avatar_id, grupo_id) values (96, 2.68, '1997-02-28 17:01:05', 'Female', 'lchominski2n', 1, 13, 8);
insert into gamer (id, classificacao, data_nascimento, estado, nome, numero_classificacoes, avatar_id, grupo_id) values (97, 3.68, '1994-04-19 18:05:30', 'Female', 'rbriiginshaw2o', 2, 27, 10);
insert into gamer (id, classificacao, data_nascimento, estado, nome, numero_classificacoes, avatar_id, grupo_id) values (98, 1.08, '2004-01-20 08:47:30', 'Female', 'ckesterton2p', 3, 45, 7);
insert into gamer (id, classificacao, data_nascimento, estado, nome, numero_classificacoes, avatar_id, grupo_id) values (99, 2.24, '2005-03-23 15:33:34', 'Female', 'akolodziej2q', 6, 57, 16);
insert into gamer (id, classificacao, data_nascimento, estado, nome, numero_classificacoes, avatar_id, grupo_id) values (100, 2.11, '1996-07-26 13:35:57', 'Female', 'mhughlin2r', 9, 54, 15);








############################
# Criar Post grupos
insert into post_grupo (id, datetime, descricao, jogo, likes, idioma, modo_jogo, participantes, plataforma, gamer_id, grupo_id) values (1, '2021-06-04 06:36:25', 'User-friendly non-volatile attitude', 'GTA-5', 0, 'Zulu', 'PVP', 3, 'PS1', 59, 1);
insert into post_grupo (id, datetime, descricao, jogo, likes, idioma, modo_jogo, participantes, plataforma, gamer_id, grupo_id) values (2, '2021-07-28 22:22:44', 'Compatible full-range hierarchy', 'GTA-5', 0, 'Kyrgyz', 'PVP', 7, 'PS1', 77, 2);
insert into post_grupo (id, datetime, descricao, jogo, likes, idioma, modo_jogo, participantes, plataforma, gamer_id, grupo_id) values (3, '2021-07-28 06:25:25', 'Face to face zero defect methodology', 'GTA-5', 0, 'Khmer', 'PVP', 8, 'PS1', 57, 3);
insert into post_grupo (id, datetime, descricao, jogo, likes, idioma, modo_jogo, participantes, plataforma, gamer_id, grupo_id) values (4, '2022-04-10 22:11:59', 'Phased 4th generation pricing structure', 'GTA-5', 0, 'Fijian', 'PVP', 7, 'PS1', 12, 4);
insert into post_grupo (id, datetime, descricao, jogo, likes, idioma, modo_jogo, participantes, plataforma, gamer_id, grupo_id) values (5, '2021-05-30 01:50:59', 'Seamless background framework', 'GTA-5', 0, 'Marathi', 'PVP', 10, 'PS1', 39, 5);
insert into post_grupo (id, datetime, descricao, jogo, likes, idioma, modo_jogo, participantes, plataforma, gamer_id, grupo_id) values (6, '2021-06-04 21:23:41', 'Managed directional system engine', 'GTA-5', 0, 'Papiamento', 'PVP', 7, 'PS1', 99, 6);
insert into post_grupo (id, datetime, descricao, jogo, likes, idioma, modo_jogo, participantes, plataforma, gamer_id, grupo_id) values (7, '2021-08-29 21:52:03', 'Right-sized national frame', 'GTA-5', 0, 'Nepali', 'PVP', 4, 'PS1', 65, 7);
insert into post_grupo (id, datetime, descricao, jogo, likes, idioma, modo_jogo, participantes, plataforma, gamer_id, grupo_id) values (8, '2022-04-15 14:07:48', 'Proactive interactive hardware', 'GTA-5', 0, 'Indonesian', 'PVP', 10, 'PS1', 78, 8);
insert into post_grupo (id, datetime, descricao, jogo, likes, idioma, modo_jogo, participantes, plataforma, gamer_id, grupo_id) values (9, '2021-06-22 02:26:51', 'Multi-layered secondary initiative', 'GTA-5', 0, 'French', 'PVP', 2, 'PS1', 10, 9);
insert into post_grupo (id, datetime, descricao, jogo, likes, idioma, modo_jogo, participantes, plataforma, gamer_id, grupo_id) values (10, '2022-02-09 17:14:55', 'Horizontal clear-thinking firmware', 'GTA-5', 0, 'Filipino', 'PVP', 8, 'PS1', 72, 10);
insert into post_grupo (id, datetime, descricao, jogo, likes, idioma, modo_jogo, participantes, plataforma, gamer_id, grupo_id) values (11, '2021-06-30 18:46:03', 'Fully-configurable heuristic focus group', 'GTA-5', 0, 'Gagauz', 'PVP', 6, 'PS1', 10, 11);
insert into post_grupo (id, datetime, descricao, jogo, likes, idioma, modo_jogo, participantes, plataforma, gamer_id, grupo_id) values (12, '2021-07-28 14:22:27', 'Right-sized full-range help-desk', 'GTA-5', 0, 'West Frisian', 'PVP', 2, 'PS1', 28, 12);
insert into post_grupo (id, datetime, descricao, jogo, likes, idioma, modo_jogo, participantes, plataforma, gamer_id, grupo_id) values (13, '2021-06-20 15:49:01', 'Persevering upward-trending protocol', 'GTA-5', 0, 'Khmer', 'PVP', 5, 'PS1', 57, 13);
insert into post_grupo (id, datetime, descricao, jogo, likes, idioma, modo_jogo, participantes, plataforma, gamer_id, grupo_id) values (14, '2021-09-28 22:23:35', 'Decentralized responsive middleware', 'GTA-5', 0, 'Persian', 'PVP', 10, 'PS1', 24, 14);
insert into post_grupo (id, datetime, descricao, jogo, likes, idioma, modo_jogo, participantes, plataforma, gamer_id, grupo_id) values (15, '2021-08-31 08:29:18', 'Distributed client-server secured line', 'GTA-5', 0, 'Macedonian', 'PVP', 5, 'PS1', 58, 15);
insert into post_grupo (id, datetime, descricao, jogo, likes, idioma, modo_jogo, participantes, plataforma, gamer_id, grupo_id) values (16, '2022-03-27 14:09:53', 'Monitored regional standardization', 'GTA-5', 0, 'Kashmiri', 'PVP', 1, 'PS1', 67, 16);
insert into post_grupo (id, datetime, descricao, jogo, likes, idioma, modo_jogo, participantes, plataforma, gamer_id, grupo_id) values (17, '2022-05-02 04:38:48', 'Triple-buffered bifurcated knowledge base', 'GTA-5', 0, 'Haitian Creole', 'PVP', 3, 'PS1', 57, 17);
insert into post_grupo (id, datetime, descricao, jogo, likes, idioma, modo_jogo, participantes, plataforma, gamer_id, grupo_id) values (18, '2021-10-11 08:51:53', 'Right-sized bandwidth-monitored database', 'GTA-5', 0, 'Macedonian', 'PVP', 9, 'PS1', 31, 18);
insert into post_grupo (id, datetime, descricao, jogo, likes, idioma, modo_jogo, participantes, plataforma, gamer_id, grupo_id) values (19, '2021-06-18 03:20:29', 'Triple-buffered methodical matrix', 'GTA-5', 0, 'Malay', 'PVP', 1, 'PS1', 19, 19);
insert into post_grupo (id, datetime, descricao, jogo, likes, idioma, modo_jogo, participantes, plataforma, gamer_id, grupo_id) values (20, '2021-09-30 09:20:08', 'Balanced maximized conglomeration', 'GTA-5', 0, 'Haitian Creole', 'PVP', 7, 'PS1', 33, 20);



###########
# Criar Utilizador
insert into utilizador (id, email, password, gamer_id) values (1, 'gamehub@gmail.com', 'gamehub', 1);
insert into utilizador (id, email, password, gamer_id) values (2, 'gbartrap1@webnode.com', 'd7qG7QR7', 2);
insert into utilizador (id, email, password, gamer_id) values (3, 'emacbarron2@sina.com.cn', 'o1zDDT0puHY', 3);
insert into utilizador (id, email, password, gamer_id) values (4, 'cwhitmell3@parallels.com', '8v88hQ', 4);
insert into utilizador (id, email, password, gamer_id) values (5, 'jbazylets4@umn.edu', 'GZ7AlIJ4', 5);
insert into utilizador (id, email, password, gamer_id) values (6, 'mherrema5@umich.edu', 'FLApZ6OBm', 6);
insert into utilizador (id, email, password, gamer_id) values (7, 'aadriano6@hostgator.com', 'jG7njlpJMob', 7);
insert into utilizador (id, email, password, gamer_id) values (8, 'tocassidy7@cdbaby.com', 'MwUQkDeK', 8);
insert into utilizador (id, email, password, gamer_id) values (9, 'jnabbs8@tinyurl.com', '8vz8a3vjM', 9);
insert into utilizador (id, email, password, gamer_id) values (10, 'acomport9@exblog.jp', '9EOYGIQI', 10);
insert into utilizador (id, email, password, gamer_id) values (11, 'dcottagea@sourceforge.net', 'C1GWBGMzdd', 11);
insert into utilizador (id, email, password, gamer_id) values (12, 'dheenanb@engadget.com', '0olcU9DaiQss', 12);
insert into utilizador (id, email, password, gamer_id) values (13, 'erobjohnsc@cbsnews.com', 'eYckUhk2X', 13);
insert into utilizador (id, email, password, gamer_id) values (14, 'fdudmand@telegraph.co.uk', 'KSo508R4Eya', 14);
insert into utilizador (id, email, password, gamer_id) values (15, 'mproswelle@ow.ly', 'YUeY68vD', 15);
insert into utilizador (id, email, password, gamer_id) values (16, 'blairdcraigf@qq.com', 'KiB4c2HGoWQ', 16);
insert into utilizador (id, email, password, gamer_id) values (17, 'rollierg@weebly.com', 'KM9kf4Y9hwg6', 17);
insert into utilizador (id, email, password, gamer_id) values (18, 'mpiotrkowskih@oakley.com', 'IjKWI1ID', 18);
insert into utilizador (id, email, password, gamer_id) values (19, 'bhendrichi@t-online.de', 'BhsPzQYRjs', 19);
insert into utilizador (id, email, password, gamer_id) values (20, 'ecabottoj@about.com', 'dPz9gmv1p8', 20);
insert into utilizador (id, email, password, gamer_id) values (21, 'cgaynesk@msn.com', 'wwI9uHVCN', 21);
insert into utilizador (id, email, password, gamer_id) values (22, 'ilehrl@cam.ac.uk', 'gLHWaXgT', 22);
insert into utilizador (id, email, password, gamer_id) values (23, 'ygabrielim@ezinearticles.com', 'a1KFHx', 23);
insert into utilizador (id, email, password, gamer_id) values (24, 'jrosewalln@addthis.com', 'EG5GslgVu9J', 24);
insert into utilizador (id, email, password, gamer_id) values (25, 'otiptono@wp.com', 'HrvmiE0UfV', 25);
insert into utilizador (id, email, password, gamer_id) values (26, 'rosullivanp@wp.com', 'AANiby', 26);
insert into utilizador (id, email, password, gamer_id) values (27, 'rmcavinq@ucoz.ru', 'mmRfroWIaf', 27);
insert into utilizador (id, email, password, gamer_id) values (28, 'ssingletonr@ezinearticles.com', 'G34hgelWIWw', 28);
insert into utilizador (id, email, password, gamer_id) values (29, 'mskullets@bing.com', 'nDuxKs3', 29);
insert into utilizador (id, email, password, gamer_id) values (30, 'tjacquemett@google.com', 'CushbaxI', 30);
insert into utilizador (id, email, password, gamer_id) values (31, 'lvautreu@nytimes.com', 'McjzIcyB', 31);
insert into utilizador (id, email, password, gamer_id) values (32, 'bdelatremoillev@army.mil', 'j7C4yAD', 32);
insert into utilizador (id, email, password, gamer_id) values (33, 'pgallatlyw@uol.com.br', '6db6xD', 33);
insert into utilizador (id, email, password, gamer_id) values (34, 'lcrabtreex@soundcloud.com', 'r9ZiMmQtL6b', 34);
insert into utilizador (id, email, password, gamer_id) values (35, 'jharnory@dyndns.org', 'NPwwoxWFT', 35);
insert into utilizador (id, email, password, gamer_id) values (36, 'gbalharryz@wunderground.com', '05T0v3Mr7a', 36);
insert into utilizador (id, email, password, gamer_id) values (37, 'dwoolvin10@joomla.org', 'WMImWkmh2', 37);
insert into utilizador (id, email, password, gamer_id) values (38, 'ldearden11@g.co', 'nSeEZjhbQu', 38);
insert into utilizador (id, email, password, gamer_id) values (39, 'mwickie12@symantec.com', 'QpFi3nUot77D', 39);
insert into utilizador (id, email, password, gamer_id) values (40, 'cgroveham13@histats.com', 'aE8mNLqaAHS', 40);
insert into utilizador (id, email, password, gamer_id) values (41, 'cdjurisic14@wired.com', 'qjmSPAvf', 41);
insert into utilizador (id, email, password, gamer_id) values (42, 'mblackway15@edublogs.org', 'fLipQQAA9h', 42);
insert into utilizador (id, email, password, gamer_id) values (43, 'cbodiam16@wp.com', 'EEdgaKTJBRfQ', 43);
insert into utilizador (id, email, password, gamer_id) values (44, 'cgresch17@facebook.com', 'gwQru8Um1BL4', 44);
insert into utilizador (id, email, password, gamer_id) values (45, 'mgoodbar18@linkedin.com', 'ozFWndmDpVl', 45);
insert into utilizador (id, email, password, gamer_id) values (46, 'scuer19@acquirethisname.com', '0YZpFU0cx7ua', 46);
insert into utilizador (id, email, password, gamer_id) values (47, 'jskipper1a@xrea.com', 'XUFWFAuMm', 47);
insert into utilizador (id, email, password, gamer_id) values (48, 'tpullan1b@bigcartel.com', 'kIomfnc64', 48);
insert into utilizador (id, email, password, gamer_id) values (49, 'bgoodered1c@shop-pro.jp', 'jjKg2bSHK', 49);
insert into utilizador (id, email, password, gamer_id) values (50, 'keastby1d@unesco.org', 'cnZdtobPX', 50);
insert into utilizador (id, email, password, gamer_id) values (51, 'teastes1e@posterous.com', 'jalEVK', 51);
insert into utilizador (id, email, password, gamer_id) values (52, 'fmeasham1f@g.co', 'JjRD94A2', 52);
insert into utilizador (id, email, password, gamer_id) values (53, 'rcrinson1g@webeden.co.uk', '6YEMndmnHw', 53);
insert into utilizador (id, email, password, gamer_id) values (54, 'sbrauner1h@delicious.com', '1ZzF36', 54);
insert into utilizador (id, email, password, gamer_id) values (55, 'cllorens1i@webs.com', 'LhF4XWfdTWu', 55);
insert into utilizador (id, email, password, gamer_id) values (56, 'swolpert1j@cdbaby.com', 't8IU2P4XA', 56);
insert into utilizador (id, email, password, gamer_id) values (57, 'lgrog1k@ow.ly', 'qnE1i7RBqD', 57);
insert into utilizador (id, email, password, gamer_id) values (58, 'glister1l@spotify.com', 'YMhqnOW9B', 58);
insert into utilizador (id, email, password, gamer_id) values (59, 'jizzatt1m@barnesandnoble.com', 'bfSnwm06qm', 59);
insert into utilizador (id, email, password, gamer_id) values (60, 'dsanbroke1n@mozilla.com', 'JUBwFx9XPY5', 60);
insert into utilizador (id, email, password, gamer_id) values (61, 'astandall1o@dell.com', 'uI3KPG', 61);
insert into utilizador (id, email, password, gamer_id) values (62, 'ppucknell1p@omniture.com', '6kLFP3NPr41', 62);
insert into utilizador (id, email, password, gamer_id) values (63, 'lsimoneton1q@canalblog.com', 'olHyaOkLZh8V', 63);
insert into utilizador (id, email, password, gamer_id) values (64, 'onewsome1r@networksolutions.com', 'F1yEylkPu9', 64);
insert into utilizador (id, email, password, gamer_id) values (65, 'cbarkus1s@samsung.com', '2Z1YEeavWuC', 65);
insert into utilizador (id, email, password, gamer_id) values (66, 'aryley1t@alibaba.com', '9iUnKKOzHy', 66);
insert into utilizador (id, email, password, gamer_id) values (67, 'cvanini1u@state.tx.us', 'IRcbAYQCuYEa', 67);
insert into utilizador (id, email, password, gamer_id) values (68, 'rgay1v@salon.com', 'iLlLGs', 68);
insert into utilizador (id, email, password, gamer_id) values (69, 'sdonnan1w@51.la', 'rcIZM2hA', 69);
insert into utilizador (id, email, password, gamer_id) values (70, 'laxton1x@de.vu', 'rFzKjP1Ry', 70);
insert into utilizador (id, email, password, gamer_id) values (71, 'mshoorbrooke1y@artisteer.com', 'eNZYmEm', 71);
insert into utilizador (id, email, password, gamer_id) values (72, 'rmarcum1z@constantcontact.com', 'Jg7MWLFv8L', 72);
insert into utilizador (id, email, password, gamer_id) values (73, 'atindall20@ftc.gov', 'dItr7w', 73);
insert into utilizador (id, email, password, gamer_id) values (74, 'bdekeyser21@bbb.org', 'bYCE3dKq5Q', 74);
insert into utilizador (id, email, password, gamer_id) values (75, 'rgoodbanne22@disqus.com', 'n5X6ATPBY3H', 75);
insert into utilizador (id, email, password, gamer_id) values (76, 'fsharper23@wikispaces.com', 'SaOoTTcYsmL6', 76);
insert into utilizador (id, email, password, gamer_id) values (77, 'blimpenny24@tmall.com', 'BOt61J31n', 77);
insert into utilizador (id, email, password, gamer_id) values (78, 'jkinsey25@surveymonkey.com', 'a6zEBDTpP7', 78);
insert into utilizador (id, email, password, gamer_id) values (79, 'ddeverehunt26@ox.ac.uk', 'm5JRt6cZr', 79);
insert into utilizador (id, email, password, gamer_id) values (80, 'sblackah27@miibeian.gov.cn', 'jq7PFVwvDp', 80);
insert into utilizador (id, email, password, gamer_id) values (81, 'chugill28@nhs.uk', 'gxHpxLMP3A0', 81);
insert into utilizador (id, email, password, gamer_id) values (82, 'hrisebrow29@slate.com', 'PAWzgjO43', 82);
insert into utilizador (id, email, password, gamer_id) values (83, 'brudram2a@columbia.edu', 'zrOX7nHZO3', 83);
insert into utilizador (id, email, password, gamer_id) values (84, 'dspacey2b@amazon.co.jp', 'Jmmchjec', 84);
insert into utilizador (id, email, password, gamer_id) values (85, 'bbratten2c@businessinsider.com', 'qwk9aDV2BF6c', 85);
insert into utilizador (id, email, password, gamer_id) values (86, 'lpurcer2d@yahoo.co.jp', 'gX8lEmFl', 86);
insert into utilizador (id, email, password, gamer_id) values (87, 'vgillogley2e@uiuc.edu', 'eyexVfq', 87);
insert into utilizador (id, email, password, gamer_id) values (88, 'fmasdon2f@google.com.au', 'hH1KJXll3', 88);
insert into utilizador (id, email, password, gamer_id) values (89, 'aconville2g@comcast.net', 'DHGKNuK', 89);
insert into utilizador (id, email, password, gamer_id) values (90, 'mespadas2h@parallels.com', 'IduN4Kbth9C', 90);
insert into utilizador (id, email, password, gamer_id) values (91, 'jverrier2i@people.com.cn', 'BpnRbsJZ', 91);
insert into utilizador (id, email, password, gamer_id) values (92, 'mskull2j@cocolog-nifty.com', 'gai1ctanGH', 92);
insert into utilizador (id, email, password, gamer_id) values (93, 'cmcdaid2k@smugmug.com', 'BlcYKMbZ0Re9', 93);
insert into utilizador (id, email, password, gamer_id) values (94, 'nhedon2l@guardian.co.uk', '9FBIiviq', 94);
insert into utilizador (id, email, password, gamer_id) values (95, 'amanuele2m@nature.com', 'WfCrQy', 95);
insert into utilizador (id, email, password, gamer_id) values (96, 'rleggan2n@comsenz.com', 'jB1W9FgJ', 96);
insert into utilizador (id, email, password, gamer_id) values (97, 'bogormley2o@oracle.com', 'IGTO9ahcxaG', 97);
insert into utilizador (id, email, password, gamer_id) values (98, 'kdana2p@amazon.co.uk', 'D7tm9mcSyI', 98);
insert into utilizador (id, email, password, gamer_id) values (99, 'oprimo2q@hibu.com', 'kZBsUoC', 99);
insert into utilizador (id, email, password, gamer_id) values (100, 'hhuriche2r@ted.com', '7KQrCH1INa', 100);





#########################
# Criar Reconpensa
insert into recompensa (id, descricao, nome, image_link) values (1, 'Integrated multimedia toolset', 'Benzalkonium chloride','');
insert into recompensa (id, descricao, nome, image_link) values (2, 'Front-line zero defect database', 'Metoprolol tartrate','');
insert into recompensa (id, descricao, nome, image_link) values (3, 'Optional attitude-oriented emulation', 'ISOTRETINOIN','');
insert into recompensa (id, descricao, nome, image_link) values (4, 'Advanced zero defect Graphic Interface', 'FOLIC ACID','');
insert into recompensa (id, descricao, nome, image_link) values (5, 'Implemented real-time monitoring', 'Naltrexone Hydrochloride','');
insert into recompensa (id, descricao, nome, image_link) values (6, 'Object-based methodical info-mediaries', 'testosterone','');
insert into recompensa (id, descricao, nome, image_link) values (7, 'Diverse interactive instruction set', 'pyrithione zinc','');
insert into recompensa (id, descricao, nome, image_link) values (8, 'Monitored modular encryption', 'Lovastatin','');
insert into recompensa (id, descricao, nome, image_link) values (9, 'Automated non-volatile framework', 'mirtazapine','');
insert into recompensa (id, descricao, nome, image_link) values (10, 'Synergized multi-tasking protocol', 'Octinoxate and Zinc Oxide','');

insert into recompensa (id, descricao, nome, image_link) values (11, 'Synergized multi-tasking protocol', 'Player of the month','');
insert into recompensa (id, descricao, nome, image_link) values (12, 'Synergized multi-tasking protocol', 'Melhor jogada XXX','');
insert into recompensa (id, descricao, nome, image_link) values (13, 'Synergized multi-tasking protocol', 'Pior jogada XXX','');
insert into recompensa (id, descricao, nome, image_link) values (14, 'Synergized multi-tasking protocol', 'Sortudo da samana X','');
insert into recompensa (id, descricao, nome, image_link) values (15, 'Synergized multi-tasking protocol', 'Um dia de cada vez','');

##################
# Criar recompensas
insert into recompensas (gamer, recompensa) values (1, 1);
insert into recompensas (gamer, recompensa) values (2, 2);
insert into recompensas (gamer, recompensa) values (3, 3);
insert into recompensas (gamer, recompensa) values (4, 4);
insert into recompensas (gamer, recompensa) values (5, 5);
insert into recompensas (gamer, recompensa) values (6, 6);
insert into recompensas (gamer, recompensa) values (7, 7);
insert into recompensas (gamer, recompensa) values (8, 8);
insert into recompensas (gamer, recompensa) values (9, 9);
insert into recompensas (gamer, recompensa) values (10, 10);





###################
# Criar plataformas
insert into plataforma values (1,'Microsoft Windows','PC');
insert into plataforma values (2,'','PlayStation 5');
insert into plataforma values (3,'','PlayStation 4');
insert into plataforma values (4,'','PlayStation 3');
insert into plataforma values (5,'','Xbox Series X/S');
insert into plataforma values (6,'','Xbox One');
insert into plataforma values (7,'','Xbox 360');
insert into plataforma values (8,'','Nintendo Switch');
insert into plataforma values (9,'','Mobile');


###################
# Criar Jogo e plataformas
insert into jogo (id, ano_lancamento, desenvolvedora, faixa_etaria, nome, banner_link) values (1, 2018, 'InnerSloth', 10, 'Among Us','https://i.imgur.com/4s7AxMo.png');
insert into jogo_plataformas (jogo_id, plataformas_id) values (1, 1);
insert into jogo_plataformas (jogo_id, plataformas_id) values (1, 2);
insert into jogo_plataformas (jogo_id, plataformas_id) values (1, 3);
insert into jogo_plataformas (jogo_id, plataformas_id) values (1, 5);
insert into jogo_plataformas (jogo_id, plataformas_id) values (1, 6);
insert into jogo_plataformas (jogo_id, plataformas_id) values (1, 8);
insert into jogo_plataformas (jogo_id, plataformas_id) values (1, 9);

insert into jogo (id, ano_lancamento, desenvolvedora, faixa_etaria, nome, banner_link) values (2, 2019, 'Eletronic Arts', 16, 'Apex Legends','https://i.imgur.com/LbtqOg7.png');
insert into jogo_plataformas (jogo_id, plataformas_id) values (2, 1);
insert into jogo_plataformas (jogo_id, plataformas_id) values (2, 2);
insert into jogo_plataformas (jogo_id, plataformas_id) values (2, 3);
insert into jogo_plataformas (jogo_id, plataformas_id) values (2, 5);
insert into jogo_plataformas (jogo_id, plataformas_id) values (2, 6);
insert into jogo_plataformas (jogo_id, plataformas_id) values (2, 8);
insert into jogo_plataformas (jogo_id, plataformas_id) values (2, 9);

insert into jogo (id, ano_lancamento, desenvolvedora, faixa_etaria, nome, banner_link) values (3, 2018, 'Treyarch', 18, 'Call of Duty Black Ops IV','https://i.imgur.com/bGwI9FD.png');
insert into jogo_plataformas (jogo_id, plataformas_id) values (3, 1);
insert into jogo_plataformas (jogo_id, plataformas_id) values (3, 3);
insert into jogo_plataformas (jogo_id, plataformas_id) values (3, 6);

insert into jogo (id, ano_lancamento, desenvolvedora, faixa_etaria, nome, banner_link) values (4, 2012, 'Valve Corporation', 18, 'Counter-Strike: Global Offensive','https://i.imgur.com/luGWFuD.png');
insert into jogo_plataformas (jogo_id, plataformas_id) values (4, 1);
insert into jogo_plataformas (jogo_id, plataformas_id) values (4, 4);
insert into jogo_plataformas (jogo_id, plataformas_id) values (4, 7);

insert into jogo (id, ano_lancamento, desenvolvedora, faixa_etaria, nome, banner_link) values (5, 2012, 'Blizzard Entertainment', 16, 'Diablo III','https://i.imgur.com/9Ttw7rs.png');
insert into jogo_plataformas (jogo_id, plataformas_id) values (5, 1);
insert into jogo_plataformas (jogo_id, plataformas_id) values (5, 3);
insert into jogo_plataformas (jogo_id, plataformas_id) values (5, 4);
insert into jogo_plataformas (jogo_id, plataformas_id) values (5, 6);
insert into jogo_plataformas (jogo_id, plataformas_id) values (5, 7);
insert into jogo_plataformas (jogo_id, plataformas_id) values (5, 8);

insert into jogo (id, ano_lancamento, desenvolvedora, faixa_etaria, nome, banner_link) values (6, 2013, 'Valve Corporation', 12, 'Dota 2','https://i.imgur.com/WSoqYkB.png');
insert into jogo_plataformas (jogo_id, plataformas_id) values (6, 1);

insert into jogo (id, ano_lancamento, desenvolvedora, faixa_etaria, nome, banner_link) values (7, 2021, 'Electronic Arts', 3, 'FIFA', 'https://cdn.discordapp.com/attachments/948569323633541130/983036503129219092/Fifa.png');
insert into jogo_plataformas (jogo_id, plataformas_id) values (7, 1);
insert into jogo_plataformas (jogo_id, plataformas_id) values (7, 2);
insert into jogo_plataformas (jogo_id, plataformas_id) values (7, 3);
insert into jogo_plataformas (jogo_id, plataformas_id) values (7, 4);
insert into jogo_plataformas (jogo_id, plataformas_id) values (7, 5);
insert into jogo_plataformas (jogo_id, plataformas_id) values (7, 6);
insert into jogo_plataformas (jogo_id, plataformas_id) values (7, 7);
insert into jogo_plataformas (jogo_id, plataformas_id) values (7, 8);
insert into jogo_plataformas (jogo_id, plataformas_id) values (7, 9);

insert into jogo (id, ano_lancamento, desenvolvedora, faixa_etaria, nome, banner_link) values (8, 2017, 'Epic Games', 12, 'Fortnite','https://i.imgur.com/D8LftMo.png');
insert into jogo_plataformas (jogo_id, plataformas_id) values (8, 1);
insert into jogo_plataformas (jogo_id, plataformas_id) values (8, 2);
insert into jogo_plataformas (jogo_id, plataformas_id) values (8, 3);
insert into jogo_plataformas (jogo_id, plataformas_id) values (8, 5);
insert into jogo_plataformas (jogo_id, plataformas_id) values (8, 6);
insert into jogo_plataformas (jogo_id, plataformas_id) values (8, 8);
insert into jogo_plataformas (jogo_id, plataformas_id) values (8, 9);

insert into jogo (id, ano_lancamento, desenvolvedora, faixa_etaria, nome, banner_link) values (9, 2006, 'Facepunch Studios', 18, 'Garrys Mod','https://i.imgur.com/C4ZseSP.png');
insert into jogo_plataformas (jogo_id, plataformas_id) values (9, 1);

insert into jogo (id, ano_lancamento, desenvolvedora, faixa_etaria, nome, banner_link) values (10, 2014, 'Blizzard Entertainment', 7, 'Hearthstone','https://i.imgur.com/Xs7rWIm.png');
insert into jogo_plataformas (jogo_id, plataformas_id) values (10, 1);
insert into jogo_plataformas (jogo_id, plataformas_id) values (10, 9);

insert into jogo (id, ano_lancamento, desenvolvedora, faixa_etaria, nome, banner_link) values (11, 2009, 'Riot Games', 12, 'League of Legends','https://i.imgur.com/GypZ6C0.png');
insert into jogo_plataformas (jogo_id, plataformas_id) values (11, 1);
insert into jogo_plataformas (jogo_id, plataformas_id) values (11, 9);

insert into jogo (id, ano_lancamento, desenvolvedora, faixa_etaria, nome, banner_link) values (12, 2011, 'Mojang Studios', 7, 'Minecraft','https://i.imgur.com/Rd52p2k.png');
insert into jogo_plataformas (jogo_id, plataformas_id) values (12, 1);
insert into jogo_plataformas (jogo_id, plataformas_id) values (12, 2);
insert into jogo_plataformas (jogo_id, plataformas_id) values (12, 3);
insert into jogo_plataformas (jogo_id, plataformas_id) values (12, 4);
insert into jogo_plataformas (jogo_id, plataformas_id) values (12, 5);
insert into jogo_plataformas (jogo_id, plataformas_id) values (12, 6);
insert into jogo_plataformas (jogo_id, plataformas_id) values (12, 7);
insert into jogo_plataformas (jogo_id, plataformas_id) values (12, 8);
insert into jogo_plataformas (jogo_id, plataformas_id) values (12, 9);

insert into jogo (id, ano_lancamento, desenvolvedora, faixa_etaria, nome, banner_link) values (13, 2016, 'Blizzard Entertainment', 12, 'Overwatch','https://i.imgur.com/ArWXyYz.png');
insert into jogo_plataformas (jogo_id, plataformas_id) values (13, 1);
insert into jogo_plataformas (jogo_id, plataformas_id) values (13, 3);
insert into jogo_plataformas (jogo_id, plataformas_id) values (13, 6);
insert into jogo_plataformas (jogo_id, plataformas_id) values (13, 8);

insert into jogo (id, ano_lancamento, desenvolvedora, faixa_etaria, nome, banner_link) values (14, 2017, 'PUBG Corporation', 16, 'PlayerUnknown Battlegrounds','https://i.imgur.com/xpdq2Rj.png');
insert into jogo_plataformas (jogo_id, plataformas_id) values (14, 1);
insert into jogo_plataformas (jogo_id, plataformas_id) values (14, 2);
insert into jogo_plataformas (jogo_id, plataformas_id) values (14, 3);
insert into jogo_plataformas (jogo_id, plataformas_id) values (14, 5);
insert into jogo_plataformas (jogo_id, plataformas_id) values (14, 6);
insert into jogo_plataformas (jogo_id, plataformas_id) values (14, 9);

insert into jogo (id, ano_lancamento, desenvolvedora, faixa_etaria, nome, banner_link) values (15, 2015, 'Ubisoft', 18, 'Tom Clancy Rainbow Six Siege', 'https://i.imgur.com/z6l13XF.png');
insert into jogo_plataformas (jogo_id, plataformas_id) values (15, 1);
insert into jogo_plataformas (jogo_id, plataformas_id) values (15, 2);
insert into jogo_plataformas (jogo_id, plataformas_id) values (15, 3);
insert into jogo_plataformas (jogo_id, plataformas_id) values (15, 5);
insert into jogo_plataformas (jogo_id, plataformas_id) values (15, 6);

insert into jogo (id, ano_lancamento, desenvolvedora, faixa_etaria, nome, banner_link) values (16, 2015, 'Psyonix', 3, 'Rocket League','https://i.imgur.com/HiDkN5w.png');
insert into jogo_plataformas (jogo_id, plataformas_id) values (16, 1);
insert into jogo_plataformas (jogo_id, plataformas_id) values (16, 3);
insert into jogo_plataformas (jogo_id, plataformas_id) values (16, 6);
insert into jogo_plataformas (jogo_id, plataformas_id) values (16, 8);

insert into jogo (id, ano_lancamento, desenvolvedora, faixa_etaria, nome, banner_link) values (17, 2013, 'Facepunch Studios', 16, 'Rust','https://i.imgur.com/gWmNOr1.png');
insert into jogo_plataformas (jogo_id, plataformas_id) values (17, 1);
insert into jogo_plataformas (jogo_id, plataformas_id) values (17, 3);
insert into jogo_plataformas (jogo_id, plataformas_id) values (17, 6);

insert into jogo (id, ano_lancamento, desenvolvedora, faixa_etaria, nome, banner_link) values (18, 2016, 'Chucklefish', 12, 'Starbound','https://i.imgur.com/m7ZbPLG.png');
insert into jogo_plataformas (jogo_id, plataformas_id) values (18, 1);
insert into jogo_plataformas (jogo_id, plataformas_id) values (18, 3);
insert into jogo_plataformas (jogo_id, plataformas_id) values (18, 6);

insert into jogo (id, ano_lancamento, desenvolvedora, faixa_etaria, nome, banner_link) values (19, 2010, 'Blizzard Entertainment', 16, 'StarCraft II: Wings of Liberty','https://i.imgur.com/619ge9e.png');
insert into jogo_plataformas (jogo_id, plataformas_id) values (19, 1);

insert into jogo (id, ano_lancamento, desenvolvedora, faixa_etaria, nome, banner_link) values (20, 2013, 'Digital Extremes', 18, 'Warframe','https://i.imgur.com/GpvV3uD.png');
insert into jogo_plataformas (jogo_id, plataformas_id) values (20, 1);
insert into jogo_plataformas (jogo_id, plataformas_id) values (20, 2);
insert into jogo_plataformas (jogo_id, plataformas_id) values (20, 3);
insert into jogo_plataformas (jogo_id, plataformas_id) values (20, 5);
insert into jogo_plataformas (jogo_id, plataformas_id) values (20, 6);
insert into jogo_plataformas (jogo_id, plataformas_id) values (20, 8);

insert into jogo (id, ano_lancamento, desenvolvedora, faixa_etaria, nome, banner_link) values (21, 2004, 'Blizzard Entertainment', 12, 'World of Warcraft','https://i.imgur.com/BMwGht8.png');
insert into jogo_plataformas (jogo_id, plataformas_id) values (21, 1);

insert into jogo (id, ano_lancamento, desenvolvedora, faixa_etaria, nome, banner_link) values (22, 2013, 'Rockstar Games', 18, 'Grand Theft Auto V', 'https://i.imgur.com/SarRED2.png');
insert into jogo_plataformas (jogo_id, plataformas_id) values (22, 1);
insert into jogo_plataformas (jogo_id, plataformas_id) values (22, 2);
insert into jogo_plataformas (jogo_id, plataformas_id) values (22, 3);
insert into jogo_plataformas (jogo_id, plataformas_id) values (22, 4);
insert into jogo_plataformas (jogo_id, plataformas_id) values (22, 5);
insert into jogo_plataformas (jogo_id, plataformas_id) values (22, 6);
insert into jogo_plataformas (jogo_id, plataformas_id) values (22, 7);

insert into jogo (id, ano_lancamento, desenvolvedora, faixa_etaria, nome, banner_link) values (23, 2020, 'Riot Games', 16, 'Valorant', 'https://i.imgur.com/RAOTgrs.png');
insert into jogo_plataformas (jogo_id, plataformas_id) values (23, 1);



#####################
# Criar jogos
insert into jogos (gamer, jogo) values (24, 8);
insert into jogos (gamer, jogo) values (28, 6);
insert into jogos (gamer, jogo) values (65, 7);
insert into jogos (gamer, jogo) values (9, 6);
insert into jogos (gamer, jogo) values (64, 4);
insert into jogos (gamer, jogo) values (15, 7);
insert into jogos (gamer, jogo) values (15, 2);
insert into jogos (gamer, jogo) values (51, 3);
insert into jogos (gamer, jogo) values (100, 9);
insert into jogos (gamer, jogo) values (8, 8);
insert into jogos (gamer, jogo) values (37, 7);
insert into jogos (gamer, jogo) values (90, 2);
insert into jogos (gamer, jogo) values (62, 1);
insert into jogos (gamer, jogo) values (16, 3);
insert into jogos (gamer, jogo) values (72, 7);
insert into jogos (gamer, jogo) values (72, 9);
insert into jogos (gamer, jogo) values (66, 3);
insert into jogos (gamer, jogo) values (53, 8);
insert into jogos (gamer, jogo) values (5, 10);
insert into jogos (gamer, jogo) values (75, 2);
insert into jogos (gamer, jogo) values (47, 4);
insert into jogos (gamer, jogo) values (55, 1);
insert into jogos (gamer, jogo) values (86, 6);
insert into jogos (gamer, jogo) values (13, 3);
insert into jogos (gamer, jogo) values (73, 6);
insert into jogos (gamer, jogo) values (45, 3);
insert into jogos (gamer, jogo) values (5, 5);
insert into jogos (gamer, jogo) values (6, 1);
insert into jogos (gamer, jogo) values (33, 5);
insert into jogos (gamer, jogo) values (85, 1);
insert into jogos (gamer, jogo) values (50, 5);
insert into jogos (gamer, jogo) values (30, 6);
insert into jogos (gamer, jogo) values (93, 2);
insert into jogos (gamer, jogo) values (87, 10);
insert into jogos (gamer, jogo) values (11, 7);
insert into jogos (gamer, jogo) values (36, 2);
insert into jogos (gamer, jogo) values (12, 5);
insert into jogos (gamer, jogo) values (79, 3);
insert into jogos (gamer, jogo) values (69, 9);
insert into jogos (gamer, jogo) values (80, 4);
insert into jogos (gamer, jogo) values (51, 9);
insert into jogos (gamer, jogo) values (69, 5);
insert into jogos (gamer, jogo) values (81, 8);
insert into jogos (gamer, jogo) values (63, 8);
insert into jogos (gamer, jogo) values (52, 2);
insert into jogos (gamer, jogo) values (31, 7);
insert into jogos (gamer, jogo) values (20, 9);
insert into jogos (gamer, jogo) values (21, 10);
insert into jogos (gamer, jogo) values (71, 7);
insert into jogos (gamer, jogo) values (61, 6);
insert into jogos (gamer, jogo) values (49, 2);
insert into jogos (gamer, jogo) values (12, 8);
insert into jogos (gamer, jogo) values (45, 4);
insert into jogos (gamer, jogo) values (25, 10);
insert into jogos (gamer, jogo) values (59, 3);
insert into jogos (gamer, jogo) values (88, 10);
insert into jogos (gamer, jogo) values (94, 3);
insert into jogos (gamer, jogo) values (85, 8);
insert into jogos (gamer, jogo) values (10, 8);
insert into jogos (gamer, jogo) values (84, 5);
insert into jogos (gamer, jogo) values (62, 1);
insert into jogos (gamer, jogo) values (66, 1);
insert into jogos (gamer, jogo) values (64, 2);
insert into jogos (gamer, jogo) values (62, 10);
insert into jogos (gamer, jogo) values (35, 1);
insert into jogos (gamer, jogo) values (23, 3);
insert into jogos (gamer, jogo) values (50, 5);
insert into jogos (gamer, jogo) values (47, 6);
insert into jogos (gamer, jogo) values (36, 4);
insert into jogos (gamer, jogo) values (48, 2);
insert into jogos (gamer, jogo) values (64, 3);
insert into jogos (gamer, jogo) values (9, 2);
insert into jogos (gamer, jogo) values (89, 6);
insert into jogos (gamer, jogo) values (16, 9);
insert into jogos (gamer, jogo) values (13, 3);
insert into jogos (gamer, jogo) values (17, 3);
insert into jogos (gamer, jogo) values (43, 6);
insert into jogos (gamer, jogo) values (74, 5);
insert into jogos (gamer, jogo) values (3, 4);
insert into jogos (gamer, jogo) values (3, 7);
insert into jogos (gamer, jogo) values (18, 8);
insert into jogos (gamer, jogo) values (45, 4);
insert into jogos (gamer, jogo) values (1, 2);
insert into jogos (gamer, jogo) values (88, 6);
insert into jogos (gamer, jogo) values (39, 2);
insert into jogos (gamer, jogo) values (32, 3);
insert into jogos (gamer, jogo) values (69, 8);
insert into jogos (gamer, jogo) values (41, 1);
insert into jogos (gamer, jogo) values (27, 4);
insert into jogos (gamer, jogo) values (27, 3);
insert into jogos (gamer, jogo) values (20, 10);
insert into jogos (gamer, jogo) values (87, 5);
insert into jogos (gamer, jogo) values (93, 10);
insert into jogos (gamer, jogo) values (81, 1);
insert into jogos (gamer, jogo) values (77, 8);
insert into jogos (gamer, jogo) values (47, 3);
insert into jogos (gamer, jogo) values (99, 7);
insert into jogos (gamer, jogo) values (39, 10);
insert into jogos (gamer, jogo) values (86, 1);
insert into jogos (gamer, jogo) values (76, 3);
insert into jogos (gamer, jogo) values (73, 6);
insert into jogos (gamer, jogo) values (89, 10);
insert into jogos (gamer, jogo) values (20, 2);
insert into jogos (gamer, jogo) values (23, 9);
insert into jogos (gamer, jogo) values (36, 4);
insert into jogos (gamer, jogo) values (17, 3);
insert into jogos (gamer, jogo) values (29, 3);
insert into jogos (gamer, jogo) values (100, 10);
insert into jogos (gamer, jogo) values (28, 4);
insert into jogos (gamer, jogo) values (48, 2);
insert into jogos (gamer, jogo) values (21, 7);
insert into jogos (gamer, jogo) values (96, 2);
insert into jogos (gamer, jogo) values (7, 5);
insert into jogos (gamer, jogo) values (23, 6);
insert into jogos (gamer, jogo) values (21, 2);
insert into jogos (gamer, jogo) values (28, 6);
insert into jogos (gamer, jogo) values (34, 3);
insert into jogos (gamer, jogo) values (64, 5);
insert into jogos (gamer, jogo) values (27, 8);
insert into jogos (gamer, jogo) values (30, 2);
insert into jogos (gamer, jogo) values (33, 5);
insert into jogos (gamer, jogo) values (26, 8);
insert into jogos (gamer, jogo) values (66, 7);
insert into jogos (gamer, jogo) values (98, 6);
insert into jogos (gamer, jogo) values (3, 4);
insert into jogos (gamer, jogo) values (5, 6);
insert into jogos (gamer, jogo) values (62, 2);
insert into jogos (gamer, jogo) values (98, 10);
insert into jogos (gamer, jogo) values (58, 8);
insert into jogos (gamer, jogo) values (15, 2);
insert into jogos (gamer, jogo) values (87, 5);
insert into jogos (gamer, jogo) values (12, 3);
insert into jogos (gamer, jogo) values (63, 10);
insert into jogos (gamer, jogo) values (78, 9);
insert into jogos (gamer, jogo) values (21, 10);
insert into jogos (gamer, jogo) values (51, 2);
insert into jogos (gamer, jogo) values (94, 6);
insert into jogos (gamer, jogo) values (83, 10);
insert into jogos (gamer, jogo) values (2, 1);
insert into jogos (gamer, jogo) values (30, 4);
insert into jogos (gamer, jogo) values (43, 10);
insert into jogos (gamer, jogo) values (48, 8);
insert into jogos (gamer, jogo) values (65, 9);
insert into jogos (gamer, jogo) values (69, 10);
insert into jogos (gamer, jogo) values (37, 8);
insert into jogos (gamer, jogo) values (88, 1);
insert into jogos (gamer, jogo) values (57, 5);
insert into jogos (gamer, jogo) values (88, 2);
insert into jogos (gamer, jogo) values (91, 8);
insert into jogos (gamer, jogo) values (94, 7);
insert into jogos (gamer, jogo) values (42, 3);
insert into jogos (gamer, jogo) values (76, 10);
insert into jogos (gamer, jogo) values (58, 7);
insert into jogos (gamer, jogo) values (11, 6);
insert into jogos (gamer, jogo) values (7, 9);
insert into jogos (gamer, jogo) values (55, 1);
insert into jogos (gamer, jogo) values (31, 10);
insert into jogos (gamer, jogo) values (6, 7);
insert into jogos (gamer, jogo) values (5, 8);
insert into jogos (gamer, jogo) values (98, 4);
insert into jogos (gamer, jogo) values (17, 2);
insert into jogos (gamer, jogo) values (20, 5);
insert into jogos (gamer, jogo) values (47, 7);
insert into jogos (gamer, jogo) values (41, 5);
insert into jogos (gamer, jogo) values (6, 5);
insert into jogos (gamer, jogo) values (45, 2);
insert into jogos (gamer, jogo) values (25, 3);
insert into jogos (gamer, jogo) values (25, 5);
insert into jogos (gamer, jogo) values (28, 2);
insert into jogos (gamer, jogo) values (61, 5);
insert into jogos (gamer, jogo) values (76, 7);
insert into jogos (gamer, jogo) values (86, 6);
insert into jogos (gamer, jogo) values (78, 6);
insert into jogos (gamer, jogo) values (32, 5);
insert into jogos (gamer, jogo) values (34, 4);
insert into jogos (gamer, jogo) values (84, 8);
insert into jogos (gamer, jogo) values (100, 6);
insert into jogos (gamer, jogo) values (22, 6);
insert into jogos (gamer, jogo) values (76, 3);
insert into jogos (gamer, jogo) values (81, 10);
insert into jogos (gamer, jogo) values (76, 9);
insert into jogos (gamer, jogo) values (65, 4);
insert into jogos (gamer, jogo) values (10, 6);
insert into jogos (gamer, jogo) values (62, 8);
insert into jogos (gamer, jogo) values (64, 6);
insert into jogos (gamer, jogo) values (10, 4);
insert into jogos (gamer, jogo) values (50, 9);
insert into jogos (gamer, jogo) values (95, 1);
insert into jogos (gamer, jogo) values (33, 8);
insert into jogos (gamer, jogo) values (5, 2);
insert into jogos (gamer, jogo) values (85, 3);
insert into jogos (gamer, jogo) values (29, 5);
insert into jogos (gamer, jogo) values (93, 5);
insert into jogos (gamer, jogo) values (63, 8);
insert into jogos (gamer, jogo) values (55, 2);
insert into jogos (gamer, jogo) values (1, 6);
insert into jogos (gamer, jogo) values (13, 4);
insert into jogos (gamer, jogo) values (49, 7);
insert into jogos (gamer, jogo) values (35, 2);
insert into jogos (gamer, jogo) values (79, 2);
insert into jogos (gamer, jogo) values (1, 4);
insert into jogos (gamer, jogo) values (43, 9);
insert into jogos (gamer, jogo) values (41, 1);
insert into jogos (gamer, jogo) values (55, 5);
insert into jogos (gamer, jogo) values (12, 10);
insert into jogos (gamer, jogo) values (93, 10);
insert into jogos (gamer, jogo) values (14, 6);
insert into jogos (gamer, jogo) values (74, 9);
insert into jogos (gamer, jogo) values (81, 10);
insert into jogos (gamer, jogo) values (27, 10);
insert into jogos (gamer, jogo) values (89, 1);
insert into jogos (gamer, jogo) values (93, 6);
insert into jogos (gamer, jogo) values (86, 7);
insert into jogos (gamer, jogo) values (16, 2);
insert into jogos (gamer, jogo) values (91, 9);
insert into jogos (gamer, jogo) values (67, 3);
insert into jogos (gamer, jogo) values (52, 10);
insert into jogos (gamer, jogo) values (41, 3);
insert into jogos (gamer, jogo) values (4, 5);
insert into jogos (gamer, jogo) values (47, 4);
insert into jogos (gamer, jogo) values (49, 10);
insert into jogos (gamer, jogo) values (8, 5);
insert into jogos (gamer, jogo) values (19, 9);
insert into jogos (gamer, jogo) values (24, 7);
insert into jogos (gamer, jogo) values (72, 9);
insert into jogos (gamer, jogo) values (81, 1);
insert into jogos (gamer, jogo) values (18, 3);
insert into jogos (gamer, jogo) values (55, 3);
insert into jogos (gamer, jogo) values (69, 2);
insert into jogos (gamer, jogo) values (98, 4);
insert into jogos (gamer, jogo) values (34, 3);
insert into jogos (gamer, jogo) values (41, 6);
insert into jogos (gamer, jogo) values (83, 2);
insert into jogos (gamer, jogo) values (47, 5);
insert into jogos (gamer, jogo) values (62, 6);
insert into jogos (gamer, jogo) values (92, 7);
insert into jogos (gamer, jogo) values (15, 3);
insert into jogos (gamer, jogo) values (45, 1);
insert into jogos (gamer, jogo) values (69, 7);
insert into jogos (gamer, jogo) values (8, 8);
insert into jogos (gamer, jogo) values (39, 8);
insert into jogos (gamer, jogo) values (90, 2);
insert into jogos (gamer, jogo) values (27, 10);
insert into jogos (gamer, jogo) values (46, 2);
insert into jogos (gamer, jogo) values (98, 1);
insert into jogos (gamer, jogo) values (56, 9);
insert into jogos (gamer, jogo) values (93, 1);
insert into jogos (gamer, jogo) values (78, 2);
insert into jogos (gamer, jogo) values (60, 9);
insert into jogos (gamer, jogo) values (22, 9);
insert into jogos (gamer, jogo) values (6, 4);
insert into jogos (gamer, jogo) values (45, 4);
insert into jogos (gamer, jogo) values (64, 3);
insert into jogos (gamer, jogo) values (93, 7);
insert into jogos (gamer, jogo) values (19, 3);
insert into jogos (gamer, jogo) values (42, 9);
insert into jogos (gamer, jogo) values (93, 3);
insert into jogos (gamer, jogo) values (52, 3);
insert into jogos (gamer, jogo) values (100, 7);
insert into jogos (gamer, jogo) values (5, 3);
insert into jogos (gamer, jogo) values (85, 1);
insert into jogos (gamer, jogo) values (95, 3);
insert into jogos (gamer, jogo) values (27, 2);
insert into jogos (gamer, jogo) values (28, 3);
insert into jogos (gamer, jogo) values (67, 7);
insert into jogos (gamer, jogo) values (72, 10);
insert into jogos (gamer, jogo) values (74, 2);
insert into jogos (gamer, jogo) values (45, 8);
insert into jogos (gamer, jogo) values (94, 5);
insert into jogos (gamer, jogo) values (39, 8);
insert into jogos (gamer, jogo) values (16, 2);
insert into jogos (gamer, jogo) values (30, 1);
insert into jogos (gamer, jogo) values (44, 10);
insert into jogos (gamer, jogo) values (78, 8);
insert into jogos (gamer, jogo) values (37, 6);
insert into jogos (gamer, jogo) values (45, 9);
insert into jogos (gamer, jogo) values (62, 3);
insert into jogos (gamer, jogo) values (78, 6);
insert into jogos (gamer, jogo) values (57, 4);
insert into jogos (gamer, jogo) values (89, 6);
insert into jogos (gamer, jogo) values (48, 7);
insert into jogos (gamer, jogo) values (65, 6);
insert into jogos (gamer, jogo) values (5, 9);
insert into jogos (gamer, jogo) values (37, 4);
insert into jogos (gamer, jogo) values (8, 10);
insert into jogos (gamer, jogo) values (24, 3);
insert into jogos (gamer, jogo) values (50, 1);
insert into jogos (gamer, jogo) values (73, 9);
insert into jogos (gamer, jogo) values (57, 7);
insert into jogos (gamer, jogo) values (53, 2);
insert into jogos (gamer, jogo) values (66, 2);
insert into jogos (gamer, jogo) values (52, 9);
insert into jogos (gamer, jogo) values (55, 2);
insert into jogos (gamer, jogo) values (22, 9);
insert into jogos (gamer, jogo) values (78, 10);
insert into jogos (gamer, jogo) values (19, 8);
insert into jogos (gamer, jogo) values (45, 4);
insert into jogos (gamer, jogo) values (54, 9);
insert into jogos (gamer, jogo) values (3, 9);
insert into jogos (gamer, jogo) values (46, 7);





###################
# Criar Post media
insert into post_multimedia (id, datetime, descricao, jogo, likes, multimedia, gamer_id) values (1, '2022-03-07 02:46:27', 'Configurable 24 hour open architecture', 'GTA-5', 98, 'http://dummyimage.com/1622x1192.png/5fa2dd/ffffff', 35);
insert into post_multimedia (id, datetime, descricao, jogo, likes, multimedia, gamer_id) values (2, '2022-05-24 10:00:49', 'Progressive analyzing application', 'GTA-5', 2, 'http://dummyimage.com/1670x1703.png/ff4444/ffffff', 63);
insert into post_multimedia (id, datetime, descricao, jogo, likes, multimedia, gamer_id) values (3, '2022-03-14 00:40:32', 'Stand-alone analyzing forecast', 'GTA-5', 54, 'http://dummyimage.com/1398x1585.png/ff4444/ffffff', 13);
insert into post_multimedia (id, datetime, descricao, jogo, likes, multimedia, gamer_id) values (4, '2021-10-08 10:16:05', 'Ameliorated interactive circuit', 'GTA-5', 43, 'http://dummyimage.com/1722x1934.png/dddddd/000000', 63);
insert into post_multimedia (id, datetime, descricao, jogo, likes, multimedia, gamer_id) values (5, '2022-03-18 21:54:45', 'Decentralized fault-tolerant frame', 'GTA-5', 13, 'http://dummyimage.com/1617x1392.png/cc0000/ffffff', 53);
insert into post_multimedia (id, datetime, descricao, jogo, likes, multimedia, gamer_id) values (6, '2022-01-02 23:37:28', 'Versatile heuristic Graphical User Interface', 'GTA-5', 99, 'http://dummyimage.com/1839x1931.png/5fa2dd/ffffff', 30);
insert into post_multimedia (id, datetime, descricao, jogo, likes, multimedia, gamer_id) values (7, '2021-08-19 15:06:32', 'Advanced empowering moderator', 'GTA-5', 31, 'http://dummyimage.com/2440x1659.png/ff4444/ffffff', 69);
insert into post_multimedia (id, datetime, descricao, jogo, likes, multimedia, gamer_id) values (8, '2021-10-12 09:49:52', 'Decentralized leading edge software', 'GTA-5', 87, 'http://dummyimage.com/1678x1971.png/ff4444/ffffff', 58);
insert into post_multimedia (id, datetime, descricao, jogo, likes, multimedia, gamer_id) values (9, '2022-05-13 13:10:03', 'Exclusive homogeneous budgetary management', 'GTA-5', 52, 'http://dummyimage.com/2294x1286.png/cc0000/ffffff', 46);
insert into post_multimedia (id, datetime, descricao, jogo, likes, multimedia, gamer_id) values (10, '2021-08-10 16:18:09', 'Profound asymmetric migration', 'GTA-5', 1, 'http://dummyimage.com/2411x1543.png/cc0000/ffffff', 42);
insert into post_multimedia (id, datetime, descricao, jogo, likes, multimedia, gamer_id) values (11, '2022-05-17 00:11:38', 'Future-proofed secondary info-mediaries', 'GTA-5', 79, 'http://dummyimage.com/1224x1488.png/cc0000/ffffff', 35);
insert into post_multimedia (id, datetime, descricao, jogo, likes, multimedia, gamer_id) values (12, '2021-07-13 18:15:57', 'Quality-focused bandwidth-monitored archive', 'GTA-5', 5, 'http://dummyimage.com/2036x1053.png/5fa2dd/ffffff', 78);
insert into post_multimedia (id, datetime, descricao, jogo, likes, multimedia, gamer_id) values (13, '2021-09-01 19:51:19', 'Reduced asynchronous budgetary management', 'GTA-5', 34, 'http://dummyimage.com/1448x2135.png/5fa2dd/ffffff', 84);
insert into post_multimedia (id, datetime, descricao, jogo, likes, multimedia, gamer_id) values (14, '2021-06-27 05:13:13', 'Cloned national matrix', 'GTA-5', 56, 'http://dummyimage.com/2202x2085.png/5fa2dd/ffffff', 63);
insert into post_multimedia (id, datetime, descricao, jogo, likes, multimedia, gamer_id) values (15, '2022-01-03 05:28:25', 'Adaptive bandwidth-monitored internet solution', 'GTA-5', 91, 'http://dummyimage.com/2230x2364.png/dddddd/000000', 41);
insert into post_multimedia (id, datetime, descricao, jogo, likes, multimedia, gamer_id) values (16, '2022-02-02 18:24:10', 'Streamlined grid-enabled synergy', 'GTA-5', 73, 'http://dummyimage.com/1064x1556.png/dddddd/000000', 75);
insert into post_multimedia (id, datetime, descricao, jogo, likes, multimedia, gamer_id) values (17, '2022-05-30 18:12:31', 'Re-contextualized foreground circuit', 'GTA-5', 71, 'http://dummyimage.com/1118x1714.png/dddddd/000000', 95);
insert into post_multimedia (id, datetime, descricao, jogo, likes, multimedia, gamer_id) values (18, '2022-04-11 23:40:15', 'Open-source client-driven local area network', 'GTA-5', 41, 'http://dummyimage.com/2293x2036.png/dddddd/000000', 17);
insert into post_multimedia (id, datetime, descricao, jogo, likes, multimedia, gamer_id) values (19, '2021-11-02 12:55:43', 'De-engineered methodical core', 'GTA-5', 56, 'http://dummyimage.com/1244x1955.png/5fa2dd/ffffff', 68);
insert into post_multimedia (id, datetime, descricao, jogo, likes, multimedia, gamer_id) values (20, '2021-09-30 14:44:56', 'Robust systematic functionalities', 'GTA-5', 42, 'http://dummyimage.com/2258x1816.png/ff4444/ffffff', 7);
insert into post_multimedia (id, datetime, descricao, jogo, likes, multimedia, gamer_id) values (21, '2022-03-02 13:35:49', 'Multi-layered real-time help-desk', 'GTA-5', 1, 'http://dummyimage.com/1104x2367.png/dddddd/000000', 67);
insert into post_multimedia (id, datetime, descricao, jogo, likes, multimedia, gamer_id) values (22, '2022-05-24 04:56:27', 'Intuitive reciprocal middleware', 'GTA-5', 96, 'http://dummyimage.com/2389x1099.png/5fa2dd/ffffff', 47);
insert into post_multimedia (id, datetime, descricao, jogo, likes, multimedia, gamer_id) values (23, '2021-07-05 03:41:35', 'Organic encompassing extranet', 'GTA-5', 53, 'http://dummyimage.com/1280x1560.png/5fa2dd/ffffff', 28);
insert into post_multimedia (id, datetime, descricao, jogo, likes, multimedia, gamer_id) values (24, '2021-12-12 19:10:33', 'Switchable multi-state leverage', 'GTA-5', 88, 'http://dummyimage.com/1564x2164.png/dddddd/000000', 54);
insert into post_multimedia (id, datetime, descricao, jogo, likes, multimedia, gamer_id) values (25, '2021-11-23 05:06:32', 'Fully-configurable tangible artificial intelligence', 'GTA-5', 97, 'http://dummyimage.com/1149x1591.png/ff4444/ffffff', 11);
insert into post_multimedia (id, datetime, descricao, jogo, likes, multimedia, gamer_id) values (26, '2022-02-18 22:51:34', 'Diverse bandwidth-monitored interface', 'GTA-5', 6, 'http://dummyimage.com/1395x1420.png/5fa2dd/ffffff', 49);
insert into post_multimedia (id, datetime, descricao, jogo, likes, multimedia, gamer_id) values (27, '2021-07-26 17:27:57', 'Realigned scalable solution', 'GTA-5', 64, 'http://dummyimage.com/2209x1103.png/dddddd/000000', 46);
insert into post_multimedia (id, datetime, descricao, jogo, likes, multimedia, gamer_id) values (28, '2021-07-29 07:04:41', 'Re-contextualized stable array', 'GTA-5', 63, 'http://dummyimage.com/2229x1305.png/cc0000/ffffff', 68);
insert into post_multimedia (id, datetime, descricao, jogo, likes, multimedia, gamer_id) values (29, '2021-07-30 16:02:03', 'Customizable multi-state interface', 'GTA-5', 69, 'http://dummyimage.com/1796x1710.png/dddddd/000000', 100);
insert into post_multimedia (id, datetime, descricao, jogo, likes, multimedia, gamer_id) values (30, '2022-02-04 23:26:39', 'Customizable bottom-line service-desk', 'GTA-5', 38, 'http://dummyimage.com/2244x1677.png/cc0000/ffffff', 70);
insert into post_multimedia (id, datetime, descricao, jogo, likes, multimedia, gamer_id) values (31, '2022-05-15 00:28:03', 'Configurable 3rd generation info-mediaries', 'GTA-5', 50, 'http://dummyimage.com/2311x1850.png/5fa2dd/ffffff', 27);
insert into post_multimedia (id, datetime, descricao, jogo, likes, multimedia, gamer_id) values (32, '2021-08-16 22:20:23', 'Function-based content-based hardware', 'GTA-5', 52, 'http://dummyimage.com/1075x1311.png/dddddd/000000', 65);
insert into post_multimedia (id, datetime, descricao, jogo, likes, multimedia, gamer_id) values (33, '2021-09-24 09:37:13', 'Implemented object-oriented support', 'GTA-5', 39, 'http://dummyimage.com/2234x1838.png/ff4444/ffffff', 71);
insert into post_multimedia (id, datetime, descricao, jogo, likes, multimedia, gamer_id) values (34, '2021-11-15 20:18:02', 'Managed bifurcated hub', 'GTA-5', 95, 'http://dummyimage.com/2318x1358.png/5fa2dd/ffffff', 60);
insert into post_multimedia (id, datetime, descricao, jogo, likes, multimedia, gamer_id) values (35, '2022-02-24 11:25:43', 'Profound tertiary utilisation', 'GTA-5', 23, 'http://dummyimage.com/2329x1498.png/cc0000/ffffff', 2);
insert into post_multimedia (id, datetime, descricao, jogo, likes, multimedia, gamer_id) values (36, '2022-04-15 05:56:03', 'User-centric bifurcated protocol', 'GTA-5', 49, 'http://dummyimage.com/1492x1400.png/cc0000/ffffff', 38);
insert into post_multimedia (id, datetime, descricao, jogo, likes, multimedia, gamer_id) values (37, '2021-06-03 09:28:21', 'Phased dynamic system engine', 'GTA-5', 59, 'http://dummyimage.com/1049x2136.png/ff4444/ffffff', 23);
insert into post_multimedia (id, datetime, descricao, jogo, likes, multimedia, gamer_id) values (38, '2022-02-16 10:07:59', 'User-friendly logistical projection', 'GTA-5', 82, 'http://dummyimage.com/1549x1482.png/dddddd/000000', 74);
insert into post_multimedia (id, datetime, descricao, jogo, likes, multimedia, gamer_id) values (39, '2021-07-08 07:51:38', 'Reduced systematic orchestration', 'GTA-5', 97, 'http://dummyimage.com/2450x1272.png/dddddd/000000', 65);
insert into post_multimedia (id, datetime, descricao, jogo, likes, multimedia, gamer_id) values (40, '2022-01-24 07:43:29', 'Seamless 6th generation ability', 'GTA-5', 90, 'http://dummyimage.com/1667x1452.png/dddddd/000000', 42);
insert into post_multimedia (id, datetime, descricao, jogo, likes, multimedia, gamer_id) values (41, '2022-03-08 22:49:07', 'Business-focused value-added strategy', 'GTA-5', 67, 'http://dummyimage.com/1400x1765.png/cc0000/ffffff', 75);
insert into post_multimedia (id, datetime, descricao, jogo, likes, multimedia, gamer_id) values (42, '2022-02-09 02:11:52', 'Business-focused non-volatile architecture', 'GTA-5', 46, 'http://dummyimage.com/1515x1629.png/dddddd/000000', 97);
insert into post_multimedia (id, datetime, descricao, jogo, likes, multimedia, gamer_id) values (43, '2022-01-09 10:06:38', 'Polarised multi-tasking policy', 'GTA-5', 33, 'http://dummyimage.com/1575x2273.png/cc0000/ffffff', 98);
insert into post_multimedia (id, datetime, descricao, jogo, likes, multimedia, gamer_id) values (44, '2022-01-07 09:26:34', 'Universal empowering ability', 'GTA-5', 71, 'http://dummyimage.com/1206x2271.png/cc0000/ffffff', 85);
insert into post_multimedia (id, datetime, descricao, jogo, likes, multimedia, gamer_id) values (45, '2022-01-12 05:59:09', 'User-friendly attitude-oriented parallelism', 'GTA-5', 60, 'http://dummyimage.com/1008x1299.png/cc0000/ffffff', 86);
insert into post_multimedia (id, datetime, descricao, jogo, likes, multimedia, gamer_id) values (46, '2022-02-21 21:40:41', 'Optional local instruction set', 'GTA-5', 69, 'http://dummyimage.com/1251x2385.png/cc0000/ffffff', 66);
insert into post_multimedia (id, datetime, descricao, jogo, likes, multimedia, gamer_id) values (47, '2021-09-08 16:12:57', 'Future-proofed content-based forecast', 'GTA-5', 2, 'http://dummyimage.com/1914x1735.png/dddddd/000000', 15);
insert into post_multimedia (id, datetime, descricao, jogo, likes, multimedia, gamer_id) values (48, '2021-10-16 20:06:27', 'Up-sized bifurcated hierarchy', 'GTA-5', 40, 'http://dummyimage.com/1560x1114.png/cc0000/ffffff', 25);
insert into post_multimedia (id, datetime, descricao, jogo, likes, multimedia, gamer_id) values (49, '2022-02-27 21:38:03', 'Universal zero defect parallelism', 'GTA-5', 23, 'http://dummyimage.com/1599x1179.png/5fa2dd/ffffff', 14);
insert into post_multimedia (id, datetime, descricao, jogo, likes, multimedia, gamer_id) values (50, '2022-05-17 09:23:05', 'Enhanced static firmware', 'GTA-5', 84, 'http://dummyimage.com/1746x2238.png/cc0000/ffffff', 73);
insert into post_multimedia (id, datetime, descricao, jogo, likes, multimedia, gamer_id) values (51, '2022-05-23 11:55:01', 'De-engineered incremental moderator', 'GTA-5', 77, 'http://dummyimage.com/1849x2324.png/5fa2dd/ffffff', 3);
insert into post_multimedia (id, datetime, descricao, jogo, likes, multimedia, gamer_id) values (52, '2021-12-27 01:10:10', 'Profit-focused tertiary artificial intelligence', 'GTA-5', 7, 'http://dummyimage.com/2488x2165.png/cc0000/ffffff', 100);
insert into post_multimedia (id, datetime, descricao, jogo, likes, multimedia, gamer_id) values (53, '2022-04-21 15:17:59', 'Implemented human-resource alliance', 'GTA-5', 49, 'http://dummyimage.com/1493x1163.png/cc0000/ffffff', 15);
insert into post_multimedia (id, datetime, descricao, jogo, likes, multimedia, gamer_id) values (54, '2022-04-13 05:33:22', 'Profound next generation application', 'GTA-5', 28, 'http://dummyimage.com/1737x1266.png/5fa2dd/ffffff', 38);
insert into post_multimedia (id, datetime, descricao, jogo, likes, multimedia, gamer_id) values (55, '2021-07-15 09:36:41', 'Multi-channelled transitional encoding', 'GTA-5', 87, 'http://dummyimage.com/1292x1518.png/dddddd/000000', 92);
insert into post_multimedia (id, datetime, descricao, jogo, likes, multimedia, gamer_id) values (56, '2021-12-30 15:51:26', 'Programmable encompassing leverage', 'GTA-5', 23, 'http://dummyimage.com/1413x1920.png/dddddd/000000', 85);
insert into post_multimedia (id, datetime, descricao, jogo, likes, multimedia, gamer_id) values (57, '2021-07-04 22:10:50', 'Compatible needs-based extranet', 'GTA-5', 93, 'http://dummyimage.com/1728x1735.png/ff4444/ffffff', 3);
insert into post_multimedia (id, datetime, descricao, jogo, likes, multimedia, gamer_id) values (58, '2021-12-22 06:48:53', 'Multi-tiered motivating interface', 'GTA-5', 13, 'http://dummyimage.com/1910x1890.png/cc0000/ffffff', 61);
insert into post_multimedia (id, datetime, descricao, jogo, likes, multimedia, gamer_id) values (59, '2021-12-31 15:37:56', 'Enterprise-wide multi-state circuit', 'GTA-5', 58, 'http://dummyimage.com/2483x1572.png/5fa2dd/ffffff', 58);
insert into post_multimedia (id, datetime, descricao, jogo, likes, multimedia, gamer_id) values (60, '2021-08-25 01:52:11', 'Upgradable contextually-based function', 'GTA-5', 57, 'http://dummyimage.com/1887x1866.png/cc0000/ffffff', 49);
insert into post_multimedia (id, datetime, descricao, jogo, likes, multimedia, gamer_id) values (61, '2021-07-22 09:19:05', 'Optional multi-tasking protocol', 'GTA-5', 1, 'http://dummyimage.com/2186x2074.png/ff4444/ffffff', 60);
insert into post_multimedia (id, datetime, descricao, jogo, likes, multimedia, gamer_id) values (62, '2022-04-06 06:36:04', 'Realigned bandwidth-monitored toolset', 'GTA-5', 78, 'http://dummyimage.com/1678x2233.png/ff4444/ffffff', 57);
insert into post_multimedia (id, datetime, descricao, jogo, likes, multimedia, gamer_id) values (63, '2021-08-15 21:52:21', 'Compatible real-time circuit', 'GTA-5', 83, 'http://dummyimage.com/1732x1979.png/dddddd/000000', 75);
insert into post_multimedia (id, datetime, descricao, jogo, likes, multimedia, gamer_id) values (64, '2022-02-08 09:02:03', 'Virtual eco-centric functionalities', 'GTA-5', 76, 'http://dummyimage.com/1460x1303.png/cc0000/ffffff', 40);
insert into post_multimedia (id, datetime, descricao, jogo, likes, multimedia, gamer_id) values (65, '2021-06-20 08:42:28', 'Secured discrete hub', 'GTA-5', 66, 'http://dummyimage.com/2013x1503.png/5fa2dd/ffffff', 31);
insert into post_multimedia (id, datetime, descricao, jogo, likes, multimedia, gamer_id) values (66, '2021-08-09 14:31:31', 'Multi-channelled human-resource intranet', 'GTA-5', 70, 'http://dummyimage.com/2166x2088.png/5fa2dd/ffffff', 58);
insert into post_multimedia (id, datetime, descricao, jogo, likes, multimedia, gamer_id) values (67, '2022-04-15 20:12:51', 'Digitized executive contingency', 'GTA-5', 61, 'http://dummyimage.com/1604x1405.png/dddddd/000000', 13);
insert into post_multimedia (id, datetime, descricao, jogo, likes, multimedia, gamer_id) values (68, '2021-10-16 15:50:58', 'Enhanced asymmetric framework', 'GTA-5', 88, 'http://dummyimage.com/1889x1053.png/dddddd/000000', 1);
insert into post_multimedia (id, datetime, descricao, jogo, likes, multimedia, gamer_id) values (69, '2022-04-26 07:05:18', 'Multi-lateral 4th generation methodology', 'GTA-5', 48, 'http://dummyimage.com/2033x2434.png/dddddd/000000', 100);
insert into post_multimedia (id, datetime, descricao, jogo, likes, multimedia, gamer_id) values (70, '2022-01-02 22:33:40', 'Optimized background software', 'GTA-5', 77, 'http://dummyimage.com/1712x1606.png/cc0000/ffffff', 65);
insert into post_multimedia (id, datetime, descricao, jogo, likes, multimedia, gamer_id) values (71, '2021-08-10 04:55:07', 'Automated cohesive interface', 'GTA-5', 76, 'http://dummyimage.com/2494x2108.png/5fa2dd/ffffff', 14);
insert into post_multimedia (id, datetime, descricao, jogo, likes, multimedia, gamer_id) values (72, '2021-07-01 20:09:40', 'Multi-lateral system-worthy database', 'GTA-5', 52, 'http://dummyimage.com/2449x2052.png/dddddd/000000', 89);
insert into post_multimedia (id, datetime, descricao, jogo, likes, multimedia, gamer_id) values (73, '2021-08-22 05:24:51', 'Adaptive foreground capability', 'GTA-5', 30, 'http://dummyimage.com/1222x1907.png/dddddd/000000', 13);
insert into post_multimedia (id, datetime, descricao, jogo, likes, multimedia, gamer_id) values (74, '2021-10-25 07:23:25', 'Seamless zero tolerance attitude', 'GTA-5', 16, 'http://dummyimage.com/1536x1445.png/cc0000/ffffff', 7);
insert into post_multimedia (id, datetime, descricao, jogo, likes, multimedia, gamer_id) values (75, '2021-12-04 05:03:18', 'Proactive analyzing projection', 'GTA-5', 68, 'http://dummyimage.com/1355x1524.png/cc0000/ffffff', 92);
insert into post_multimedia (id, datetime, descricao, jogo, likes, multimedia, gamer_id) values (76, '2022-01-02 00:42:20', 'Re-contextualized contextually-based process improvement', 'GTA-5', 96, 'http://dummyimage.com/1467x2134.png/dddddd/000000', 85);
insert into post_multimedia (id, datetime, descricao, jogo, likes, multimedia, gamer_id) values (77, '2022-04-18 05:59:08', 'Pre-emptive upward-trending encoding', 'GTA-5', 79, 'http://dummyimage.com/2319x2326.png/ff4444/ffffff', 100);
insert into post_multimedia (id, datetime, descricao, jogo, likes, multimedia, gamer_id) values (78, '2021-09-16 22:11:46', 'Future-proofed mobile hardware', 'GTA-5', 50, 'http://dummyimage.com/2492x1883.png/dddddd/000000', 34);
insert into post_multimedia (id, datetime, descricao, jogo, likes, multimedia, gamer_id) values (79, '2021-10-27 21:23:02', 'Organic global groupware', 'GTA-5', 40, 'http://dummyimage.com/1126x1760.png/5fa2dd/ffffff', 53);
insert into post_multimedia (id, datetime, descricao, jogo, likes, multimedia, gamer_id) values (80, '2022-03-11 01:15:23', 'Inverse zero defect intranet', 'GTA-5', 83, 'http://dummyimage.com/2001x1754.png/5fa2dd/ffffff', 30);
insert into post_multimedia (id, datetime, descricao, jogo, likes, multimedia, gamer_id) values (81, '2022-04-24 13:37:13', 'Switchable system-worthy paradigm', 'GTA-5', 66, 'http://dummyimage.com/2044x1074.png/dddddd/000000', 31);
insert into post_multimedia (id, datetime, descricao, jogo, likes, multimedia, gamer_id) values (82, '2022-03-17 01:20:17', 'Synergized hybrid access', 'GTA-5', 32, 'http://dummyimage.com/1597x1866.png/5fa2dd/ffffff', 54);
insert into post_multimedia (id, datetime, descricao, jogo, likes, multimedia, gamer_id) values (83, '2021-12-04 13:30:50', 'Self-enabling zero tolerance middleware', 'GTA-5', 32, 'http://dummyimage.com/1330x1550.png/cc0000/ffffff', 97);
insert into post_multimedia (id, datetime, descricao, jogo, likes, multimedia, gamer_id) values (84, '2021-06-26 15:20:40', 'Total responsive toolset', 'GTA-5', 7, 'http://dummyimage.com/1894x2152.png/ff4444/ffffff', 34);
insert into post_multimedia (id, datetime, descricao, jogo, likes, multimedia, gamer_id) values (85, '2021-08-28 05:54:47', 'Synergized radical utilisation', 'GTA-5', 56, 'http://dummyimage.com/2117x1832.png/5fa2dd/ffffff', 25);
insert into post_multimedia (id, datetime, descricao, jogo, likes, multimedia, gamer_id) values (86, '2021-07-18 21:46:34', 'Customizable client-driven paradigm', 'GTA-5', 3, 'http://dummyimage.com/1640x1428.png/dddddd/000000', 41);
insert into post_multimedia (id, datetime, descricao, jogo, likes, multimedia, gamer_id) values (87, '2021-10-25 09:37:39', 'Profound user-facing projection', 'GTA-5', 10, 'http://dummyimage.com/1838x1443.png/5fa2dd/ffffff', 57);
insert into post_multimedia (id, datetime, descricao, jogo, likes, multimedia, gamer_id) values (88, '2022-04-10 22:10:36', 'Operative content-based conglomeration', 'GTA-5', 63, 'http://dummyimage.com/1542x1949.png/5fa2dd/ffffff', 50);
insert into post_multimedia (id, datetime, descricao, jogo, likes, multimedia, gamer_id) values (89, '2022-02-07 21:55:45', 'Versatile holistic initiative', 'GTA-5', 76, 'http://dummyimage.com/2231x1210.png/dddddd/000000', 47);
insert into post_multimedia (id, datetime, descricao, jogo, likes, multimedia, gamer_id) values (90, '2021-09-28 18:13:44', 'Profound scalable forecast', 'GTA-5', 64, 'http://dummyimage.com/1298x1654.png/dddddd/000000', 13);
insert into post_multimedia (id, datetime, descricao, jogo, likes, multimedia, gamer_id) values (91, '2021-07-12 17:59:33', 'Cloned systemic moratorium', 'GTA-5', 52, 'http://dummyimage.com/2407x1054.png/5fa2dd/ffffff', 16);
insert into post_multimedia (id, datetime, descricao, jogo, likes, multimedia, gamer_id) values (92, '2021-07-09 03:18:13', 'Polarised modular matrices', 'GTA-5', 40, 'http://dummyimage.com/1988x1594.png/dddddd/000000', 22);
insert into post_multimedia (id, datetime, descricao, jogo, likes, multimedia, gamer_id) values (93, '2022-03-06 08:49:45', 'Versatile leading edge software', 'GTA-5', 4, 'http://dummyimage.com/1520x1586.png/cc0000/ffffff', 89);
insert into post_multimedia (id, datetime, descricao, jogo, likes, multimedia, gamer_id) values (94, '2021-11-15 21:44:33', 'Secured executive archive', 'GTA-5', 13, 'http://dummyimage.com/1264x2001.png/dddddd/000000', 47);
insert into post_multimedia (id, datetime, descricao, jogo, likes, multimedia, gamer_id) values (95, '2022-05-21 15:34:16', 'Down-sized responsive utilisation', 'GTA-5', 20, 'http://dummyimage.com/2413x1428.png/5fa2dd/ffffff', 59);
insert into post_multimedia (id, datetime, descricao, jogo, likes, multimedia, gamer_id) values (96, '2022-01-31 17:56:04', 'Mandatory asymmetric process improvement', 'GTA-5', 32, 'http://dummyimage.com/1237x2003.png/5fa2dd/ffffff', 49);
insert into post_multimedia (id, datetime, descricao, jogo, likes, multimedia, gamer_id) values (97, '2022-05-10 22:00:54', 'Innovative content-based neural-net', 'GTA-5', 58, 'http://dummyimage.com/1922x1144.png/dddddd/000000', 2);
insert into post_multimedia (id, datetime, descricao, jogo, likes, multimedia, gamer_id) values (98, '2022-05-30 15:40:17', 'Self-enabling global toolset', 'GTA-5', 33, 'http://dummyimage.com/2167x1530.png/5fa2dd/ffffff', 3);
insert into post_multimedia (id, datetime, descricao, jogo, likes, multimedia, gamer_id) values (99, '2022-04-06 17:07:57', 'Grass-roots foreground support', 'GTA-5', 70, 'http://dummyimage.com/1003x2069.png/ff4444/ffffff', 17);
insert into post_multimedia (id, datetime, descricao, jogo, likes, multimedia, gamer_id) values (100, '2021-07-04 13:45:22', 'Innovative systematic middleware', 'GTA-5', 47, 'http://dummyimage.com/2093x2089.png/5fa2dd/ffffff', 47);
insert into post_multimedia (id, datetime, descricao, jogo, likes, multimedia, gamer_id) values (101, '2022-04-01 03:56:52', 'Configurable exuding capacity', 'GTA-5', 14, 'http://dummyimage.com/2423x1235.png/ff4444/ffffff', 55);
insert into post_multimedia (id, datetime, descricao, jogo, likes, multimedia, gamer_id) values (102, '2022-03-29 15:47:42', 'Triple-buffered upward-trending matrices', 'GTA-5', 83, 'http://dummyimage.com/2226x1669.png/dddddd/000000', 83);
insert into post_multimedia (id, datetime, descricao, jogo, likes, multimedia, gamer_id) values (103, '2021-07-16 14:37:23', 'Customizable solution-oriented forecast', 'GTA-5', 62, 'http://dummyimage.com/1782x2055.png/dddddd/000000', 60);
insert into post_multimedia (id, datetime, descricao, jogo, likes, multimedia, gamer_id) values (104, '2021-09-09 01:34:22', 'Enterprise-wide tertiary conglomeration', 'GTA-5', 68, 'http://dummyimage.com/1947x2134.png/cc0000/ffffff', 71);
insert into post_multimedia (id, datetime, descricao, jogo, likes, multimedia, gamer_id) values (105, '2022-06-01 18:22:11', 'Optimized reciprocal moderator', 'GTA-5', 94, 'http://dummyimage.com/1027x2090.png/5fa2dd/ffffff', 14);
insert into post_multimedia (id, datetime, descricao, jogo, likes, multimedia, gamer_id) values (106, '2022-02-26 07:42:55', 'Function-based interactive encryption', 'GTA-5', 22, 'http://dummyimage.com/1871x1359.png/ff4444/ffffff', 52);
insert into post_multimedia (id, datetime, descricao, jogo, likes, multimedia, gamer_id) values (107, '2022-01-05 08:08:26', 'Realigned 24 hour paradigm', 'GTA-5', 95, 'http://dummyimage.com/1731x1267.png/cc0000/ffffff', 85);
insert into post_multimedia (id, datetime, descricao, jogo, likes, multimedia, gamer_id) values (108, '2022-01-19 00:18:38', 'Vision-oriented directional flexibility', 'GTA-5', 16, 'http://dummyimage.com/1510x1214.png/ff4444/ffffff', 29);
insert into post_multimedia (id, datetime, descricao, jogo, likes, multimedia, gamer_id) values (109, '2021-07-17 18:42:42', 'Organic composite middleware', 'GTA-5', 69, 'http://dummyimage.com/2334x2361.png/5fa2dd/ffffff', 37);
insert into post_multimedia (id, datetime, descricao, jogo, likes, multimedia, gamer_id) values (110, '2022-03-13 03:38:40', 'Reverse-engineered homogeneous throughput', 'GTA-5', 44, 'http://dummyimage.com/2099x2391.png/cc0000/ffffff', 40);
insert into post_multimedia (id, datetime, descricao, jogo, likes, multimedia, gamer_id) values (111, '2021-06-03 21:49:45', 'Synergistic upward-trending encoding', 'GTA-5', 36, 'http://dummyimage.com/1943x1401.png/ff4444/ffffff', 66);
insert into post_multimedia (id, datetime, descricao, jogo, likes, multimedia, gamer_id) values (112, '2021-12-31 16:39:32', 'User-friendly upward-trending open architecture', 'GTA-5', 91, 'http://dummyimage.com/1953x2458.png/dddddd/000000', 29);
insert into post_multimedia (id, datetime, descricao, jogo, likes, multimedia, gamer_id) values (113, '2021-11-22 19:35:45', 'Devolved tangible hub', 'GTA-5', 37, 'http://dummyimage.com/2028x1795.png/dddddd/000000', 87);
insert into post_multimedia (id, datetime, descricao, jogo, likes, multimedia, gamer_id) values (114, '2021-12-15 18:37:12', 'Up-sized zero tolerance info-mediaries', 'GTA-5', 28, 'http://dummyimage.com/2232x1511.png/cc0000/ffffff', 11);
insert into post_multimedia (id, datetime, descricao, jogo, likes, multimedia, gamer_id) values (115, '2022-03-19 08:44:03', 'Automated executive support', 'GTA-5', 37, 'http://dummyimage.com/2408x1934.png/ff4444/ffffff', 23);
insert into post_multimedia (id, datetime, descricao, jogo, likes, multimedia, gamer_id) values (116, '2022-04-17 02:25:17', 'Expanded multi-tasking implementation', 'GTA-5', 16, 'http://dummyimage.com/1501x2063.png/ff4444/ffffff', 90);
insert into post_multimedia (id, datetime, descricao, jogo, likes, multimedia, gamer_id) values (117, '2022-05-22 08:31:35', 'Implemented 24 hour array', 'GTA-5', 25, 'http://dummyimage.com/1689x2384.png/ff4444/ffffff', 100);
insert into post_multimedia (id, datetime, descricao, jogo, likes, multimedia, gamer_id) values (118, '2021-08-26 06:14:19', 'Future-proofed national methodology', 'GTA-5', 58, 'http://dummyimage.com/1410x1669.png/cc0000/ffffff', 85);
insert into post_multimedia (id, datetime, descricao, jogo, likes, multimedia, gamer_id) values (119, '2022-02-05 20:30:06', 'User-friendly bifurcated attitude', 'GTA-5', 17, 'http://dummyimage.com/1661x1564.png/cc0000/ffffff', 1);
insert into post_multimedia (id, datetime, descricao, jogo, likes, multimedia, gamer_id) values (120, '2021-08-28 11:45:05', 'Fully-configurable human-resource info-mediaries', 'GTA-5', 38, 'http://dummyimage.com/2048x2441.png/ff4444/ffffff', 8);
insert into post_multimedia (id, datetime, descricao, jogo, likes, multimedia, gamer_id) values (121, '2021-09-30 03:15:52', 'Implemented bandwidth-monitored internet solution', 'GTA-5', 44, 'http://dummyimage.com/1729x1280.png/dddddd/000000', 39);
insert into post_multimedia (id, datetime, descricao, jogo, likes, multimedia, gamer_id) values (122, '2022-02-16 13:23:10', 'Optional needs-based solution', 'GTA-5', 59, 'http://dummyimage.com/2246x1371.png/5fa2dd/ffffff', 61);
insert into post_multimedia (id, datetime, descricao, jogo, likes, multimedia, gamer_id) values (123, '2022-02-06 08:47:20', 'Re-engineered impactful matrix', 'GTA-5', 43, 'http://dummyimage.com/2108x2237.png/5fa2dd/ffffff', 94);
insert into post_multimedia (id, datetime, descricao, jogo, likes, multimedia, gamer_id) values (124, '2022-05-30 00:00:19', 'Down-sized mobile success', 'GTA-5', 47, 'http://dummyimage.com/1307x1715.png/dddddd/000000', 64);
insert into post_multimedia (id, datetime, descricao, jogo, likes, multimedia, gamer_id) values (125, '2021-09-25 05:43:31', 'Mandatory static task-force', 'GTA-5', 21, 'http://dummyimage.com/1122x1659.png/5fa2dd/ffffff', 74);
insert into post_multimedia (id, datetime, descricao, jogo, likes, multimedia, gamer_id) values (126, '2022-05-14 02:41:49', 'Future-proofed exuding pricing structure', 'GTA-5', 28, 'http://dummyimage.com/2360x2033.png/cc0000/ffffff', 36);
insert into post_multimedia (id, datetime, descricao, jogo, likes, multimedia, gamer_id) values (127, '2022-05-18 08:26:52', 'Devolved asynchronous hierarchy', 'GTA-5', 74, 'http://dummyimage.com/1791x1191.png/5fa2dd/ffffff', 61);
insert into post_multimedia (id, datetime, descricao, jogo, likes, multimedia, gamer_id) values (128, '2022-04-25 16:30:02', 'Open-source multimedia intranet', 'GTA-5', 57, 'http://dummyimage.com/1390x1409.png/5fa2dd/ffffff', 56);
insert into post_multimedia (id, datetime, descricao, jogo, likes, multimedia, gamer_id) values (129, '2021-12-04 08:02:51', 'Persevering reciprocal monitoring', 'GTA-5', 45, 'http://dummyimage.com/2418x1906.png/ff4444/ffffff', 44);
insert into post_multimedia (id, datetime, descricao, jogo, likes, multimedia, gamer_id) values (130, '2022-03-05 06:37:07', 'Down-sized secondary workforce', 'GTA-5', 42, 'http://dummyimage.com/1416x2435.png/cc0000/ffffff', 68);
insert into post_multimedia (id, datetime, descricao, jogo, likes, multimedia, gamer_id) values (131, '2021-07-29 07:40:57', 'Monitored cohesive application', 'GTA-5', 22, 'http://dummyimage.com/1712x2420.png/ff4444/ffffff', 79);
insert into post_multimedia (id, datetime, descricao, jogo, likes, multimedia, gamer_id) values (132, '2021-11-11 12:30:57', 'Switchable grid-enabled website', 'GTA-5', 14, 'http://dummyimage.com/1615x1629.png/ff4444/ffffff', 37);
insert into post_multimedia (id, datetime, descricao, jogo, likes, multimedia, gamer_id) values (133, '2021-09-26 23:34:07', 'Organized didactic extranet', 'GTA-5', 30, 'http://dummyimage.com/2442x1733.png/ff4444/ffffff', 24);
insert into post_multimedia (id, datetime, descricao, jogo, likes, multimedia, gamer_id) values (134, '2021-12-19 09:36:00', 'Persistent next generation parallelism', 'GTA-5', 91, 'http://dummyimage.com/2393x1074.png/5fa2dd/ffffff', 46);
insert into post_multimedia (id, datetime, descricao, jogo, likes, multimedia, gamer_id) values (135, '2021-06-03 12:14:37', 'Advanced national strategy', 'GTA-5', 4, 'http://dummyimage.com/2031x2241.png/cc0000/ffffff', 54);
insert into post_multimedia (id, datetime, descricao, jogo, likes, multimedia, gamer_id) values (136, '2021-11-12 03:12:13', 'Grass-roots maximized flexibility', 'GTA-5', 17, 'http://dummyimage.com/1568x1326.png/ff4444/ffffff', 79);
insert into post_multimedia (id, datetime, descricao, jogo, likes, multimedia, gamer_id) values (137, '2021-12-15 23:50:59', 'Customer-focused homogeneous middleware', 'GTA-5', 60, 'http://dummyimage.com/1750x1091.png/5fa2dd/ffffff', 74);
insert into post_multimedia (id, datetime, descricao, jogo, likes, multimedia, gamer_id) values (138, '2022-02-09 19:47:03', 'Focused scalable application', 'GTA-5', 41, 'http://dummyimage.com/2312x2132.png/dddddd/000000', 84);
insert into post_multimedia (id, datetime, descricao, jogo, likes, multimedia, gamer_id) values (139, '2022-01-28 03:18:41', 'Cross-platform neutral function', 'GTA-5', 14, 'http://dummyimage.com/1302x1432.png/cc0000/ffffff', 2);
insert into post_multimedia (id, datetime, descricao, jogo, likes, multimedia, gamer_id) values (140, '2022-05-11 10:56:17', 'Persistent tangible framework', 'GTA-5', 14, 'http://dummyimage.com/2089x1463.png/cc0000/ffffff', 55);
insert into post_multimedia (id, datetime, descricao, jogo, likes, multimedia, gamer_id) values (141, '2022-04-23 10:58:45', 'Extended optimizing toolset', 'GTA-5', 25, 'http://dummyimage.com/1518x1762.png/ff4444/ffffff', 73);
insert into post_multimedia (id, datetime, descricao, jogo, likes, multimedia, gamer_id) values (142, '2022-04-10 22:20:42', 'Synergized global functionalities', 'GTA-5', 91, 'http://dummyimage.com/1064x1967.png/5fa2dd/ffffff', 28);
insert into post_multimedia (id, datetime, descricao, jogo, likes, multimedia, gamer_id) values (143, '2021-06-04 02:26:18', 'Total intangible flexibility', 'GTA-5', 23, 'http://dummyimage.com/1878x1836.png/5fa2dd/ffffff', 80);
insert into post_multimedia (id, datetime, descricao, jogo, likes, multimedia, gamer_id) values (144, '2022-01-11 13:15:23', 'Fully-configurable stable capacity', 'GTA-5', 95, 'http://dummyimage.com/2300x1776.png/dddddd/000000', 1);
insert into post_multimedia (id, datetime, descricao, jogo, likes, multimedia, gamer_id) values (145, '2021-08-27 19:57:36', 'Ergonomic cohesive capability', 'GTA-5', 47, 'http://dummyimage.com/1298x2395.png/cc0000/ffffff', 78);
insert into post_multimedia (id, datetime, descricao, jogo, likes, multimedia, gamer_id) values (146, '2022-05-11 21:21:01', 'Monitored content-based website', 'GTA-5', 11, 'http://dummyimage.com/1037x1856.png/cc0000/ffffff', 99);
insert into post_multimedia (id, datetime, descricao, jogo, likes, multimedia, gamer_id) values (147, '2021-08-21 20:53:26', 'Object-based foreground contingency', 'GTA-5', 36, 'http://dummyimage.com/1940x2215.png/dddddd/000000', 82);
insert into post_multimedia (id, datetime, descricao, jogo, likes, multimedia, gamer_id) values (148, '2022-04-18 20:40:14', 'Synchronised 4th generation analyzer', 'GTA-5', 61, 'http://dummyimage.com/2348x1820.png/5fa2dd/ffffff', 77);
insert into post_multimedia (id, datetime, descricao, jogo, likes, multimedia, gamer_id) values (149, '2021-06-28 22:10:46', 'Persistent homogeneous throughput', 'GTA-5', 8, 'http://dummyimage.com/1737x1885.png/dddddd/000000', 74);
insert into post_multimedia (id, datetime, descricao, jogo, likes, multimedia, gamer_id) values (150, '2021-07-18 01:54:56', 'Cross-group multi-tasking throughput', 'GTA-5', 20, 'http://dummyimage.com/1285x2499.png/ff4444/ffffff', 21);
insert into post_multimedia (id, datetime, descricao, jogo, likes, multimedia, gamer_id) values (151, '2021-11-16 19:27:22', 'Seamless discrete info-mediaries', 'GTA-5', 14, 'http://dummyimage.com/2497x1784.png/ff4444/ffffff', 53);
insert into post_multimedia (id, datetime, descricao, jogo, likes, multimedia, gamer_id) values (152, '2021-06-11 01:07:10', 'Managed asymmetric circuit', 'GTA-5', 84, 'http://dummyimage.com/2098x2129.png/5fa2dd/ffffff', 5);
insert into post_multimedia (id, datetime, descricao, jogo, likes, multimedia, gamer_id) values (153, '2021-10-16 11:01:35', 'Re-engineered 5th generation neural-net', 'GTA-5', 5, 'http://dummyimage.com/1218x1845.png/cc0000/ffffff', 76);
insert into post_multimedia (id, datetime, descricao, jogo, likes, multimedia, gamer_id) values (154, '2022-05-07 22:09:15', 'Managed contextually-based firmware', 'GTA-5', 1, 'http://dummyimage.com/1493x1145.png/5fa2dd/ffffff', 64);
insert into post_multimedia (id, datetime, descricao, jogo, likes, multimedia, gamer_id) values (155, '2022-01-15 12:45:05', 'Versatile mobile firmware', 'GTA-5', 95, 'http://dummyimage.com/1466x1737.png/cc0000/ffffff', 87);
insert into post_multimedia (id, datetime, descricao, jogo, likes, multimedia, gamer_id) values (156, '2022-05-14 20:20:15', 'Optional 6th generation forecast', 'GTA-5', 6, 'http://dummyimage.com/2191x2157.png/dddddd/000000', 96);
insert into post_multimedia (id, datetime, descricao, jogo, likes, multimedia, gamer_id) values (157, '2021-09-08 06:12:45', 'Focused regional complexity', 'GTA-5', 22, 'http://dummyimage.com/1286x1385.png/ff4444/ffffff', 39);
insert into post_multimedia (id, datetime, descricao, jogo, likes, multimedia, gamer_id) values (158, '2021-10-18 23:25:13', 'Advanced fresh-thinking firmware', 'GTA-5', 5, 'http://dummyimage.com/2330x1042.png/ff4444/ffffff', 93);
insert into post_multimedia (id, datetime, descricao, jogo, likes, multimedia, gamer_id) values (159, '2022-04-10 13:21:41', 'Centralized exuding intranet', 'GTA-5', 45, 'http://dummyimage.com/2400x1712.png/cc0000/ffffff', 10);
insert into post_multimedia (id, datetime, descricao, jogo, likes, multimedia, gamer_id) values (160, '2022-01-19 16:40:07', 'Front-line national model', 'GTA-5', 52, 'http://dummyimage.com/1115x1279.png/cc0000/ffffff', 19);
insert into post_multimedia (id, datetime, descricao, jogo, likes, multimedia, gamer_id) values (161, '2021-10-14 12:36:20', 'Multi-channelled neutral capability', 'GTA-5', 43, 'http://dummyimage.com/1591x1104.png/ff4444/ffffff', 35);
insert into post_multimedia (id, datetime, descricao, jogo, likes, multimedia, gamer_id) values (162, '2022-01-24 23:48:58', 'Fully-configurable asynchronous methodology', 'GTA-5', 64, 'http://dummyimage.com/1959x2132.png/cc0000/ffffff', 95);
insert into post_multimedia (id, datetime, descricao, jogo, likes, multimedia, gamer_id) values (163, '2022-01-28 21:27:19', 'Re-engineered uniform customer loyalty', 'GTA-5', 18, 'http://dummyimage.com/1236x1696.png/5fa2dd/ffffff', 59);
insert into post_multimedia (id, datetime, descricao, jogo, likes, multimedia, gamer_id) values (164, '2021-09-26 10:56:21', 'Automated real-time hardware', 'GTA-5', 22, 'http://dummyimage.com/1929x1642.png/5fa2dd/ffffff', 78);
insert into post_multimedia (id, datetime, descricao, jogo, likes, multimedia, gamer_id) values (165, '2022-05-14 15:01:41', 'Universal encompassing toolset', 'GTA-5', 29, 'http://dummyimage.com/1477x1369.png/dddddd/000000', 70);
insert into post_multimedia (id, datetime, descricao, jogo, likes, multimedia, gamer_id) values (166, '2021-12-28 16:58:15', 'Total 6th generation toolset', 'GTA-5', 18, 'http://dummyimage.com/2229x1484.png/dddddd/000000', 93);
insert into post_multimedia (id, datetime, descricao, jogo, likes, multimedia, gamer_id) values (167, '2021-09-01 05:57:09', 'Realigned tangible hardware', 'GTA-5', 27, 'http://dummyimage.com/2341x1292.png/ff4444/ffffff', 60);
insert into post_multimedia (id, datetime, descricao, jogo, likes, multimedia, gamer_id) values (168, '2021-06-05 08:47:33', 'Multi-layered needs-based attitude', 'GTA-5', 37, 'http://dummyimage.com/2265x1452.png/dddddd/000000', 28);
insert into post_multimedia (id, datetime, descricao, jogo, likes, multimedia, gamer_id) values (169, '2022-01-25 16:08:16', 'Extended optimal utilisation', 'GTA-5', 2, 'http://dummyimage.com/1752x2098.png/dddddd/000000', 53);
insert into post_multimedia (id, datetime, descricao, jogo, likes, multimedia, gamer_id) values (170, '2021-12-02 18:42:03', 'Intuitive explicit focus group', 'GTA-5', 24, 'http://dummyimage.com/2164x2123.png/ff4444/ffffff', 90);
insert into post_multimedia (id, datetime, descricao, jogo, likes, multimedia, gamer_id) values (171, '2021-05-29 18:24:40', 'Reverse-engineered secondary secured line', 'GTA-5', 12, 'http://dummyimage.com/1376x1302.png/dddddd/000000', 12);
insert into post_multimedia (id, datetime, descricao, jogo, likes, multimedia, gamer_id) values (172, '2022-04-05 08:37:47', 'Face to face directional service-desk', 'GTA-5', 28, 'http://dummyimage.com/1301x1602.png/ff4444/ffffff', 87);
insert into post_multimedia (id, datetime, descricao, jogo, likes, multimedia, gamer_id) values (173, '2022-04-18 04:21:39', 'Business-focused radical interface', 'GTA-5', 22, 'http://dummyimage.com/1267x2444.png/5fa2dd/ffffff', 70);
insert into post_multimedia (id, datetime, descricao, jogo, likes, multimedia, gamer_id) values (174, '2021-07-05 07:13:40', 'Secured client-server project', 'GTA-5', 45, 'http://dummyimage.com/2450x1477.png/dddddd/000000', 32);
insert into post_multimedia (id, datetime, descricao, jogo, likes, multimedia, gamer_id) values (175, '2022-02-16 21:27:40', 'Face to face solution-oriented info-mediaries', 'GTA-5', 85, 'http://dummyimage.com/1791x2457.png/5fa2dd/ffffff', 9);
insert into post_multimedia (id, datetime, descricao, jogo, likes, multimedia, gamer_id) values (176, '2021-11-26 08:32:35', 'Face to face bi-directional database', 'GTA-5', 15, 'http://dummyimage.com/2450x2045.png/5fa2dd/ffffff', 44);
insert into post_multimedia (id, datetime, descricao, jogo, likes, multimedia, gamer_id) values (177, '2022-03-07 05:50:05', 'Innovative scalable extranet', 'GTA-5', 6, 'http://dummyimage.com/1147x1906.png/5fa2dd/ffffff', 6);
insert into post_multimedia (id, datetime, descricao, jogo, likes, multimedia, gamer_id) values (178, '2021-12-12 00:11:27', 'Business-focused coherent paradigm', 'GTA-5', 72, 'http://dummyimage.com/1414x2032.png/ff4444/ffffff', 84);
insert into post_multimedia (id, datetime, descricao, jogo, likes, multimedia, gamer_id) values (179, '2021-12-23 07:55:09', 'Synchronised human-resource neural-net', 'GTA-5', 88, 'http://dummyimage.com/1452x2195.png/ff4444/ffffff', 10);
insert into post_multimedia (id, datetime, descricao, jogo, likes, multimedia, gamer_id) values (180, '2021-12-14 19:05:58', 'Compatible reciprocal concept', 'GTA-5', 80, 'http://dummyimage.com/2405x1557.png/dddddd/000000', 47);
insert into post_multimedia (id, datetime, descricao, jogo, likes, multimedia, gamer_id) values (181, '2022-03-21 05:27:29', 'Cross-platform leading edge architecture', 'GTA-5', 82, 'http://dummyimage.com/1419x2289.png/cc0000/ffffff', 24);
insert into post_multimedia (id, datetime, descricao, jogo, likes, multimedia, gamer_id) values (182, '2022-03-11 03:33:39', 'Distributed systemic intranet', 'GTA-5', 48, 'http://dummyimage.com/1403x1959.png/cc0000/ffffff', 8);
insert into post_multimedia (id, datetime, descricao, jogo, likes, multimedia, gamer_id) values (183, '2022-05-13 09:28:40', 'Expanded well-modulated firmware', 'GTA-5', 99, 'http://dummyimage.com/2451x1309.png/ff4444/ffffff', 10);
insert into post_multimedia (id, datetime, descricao, jogo, likes, multimedia, gamer_id) values (184, '2022-03-17 07:25:33', 'Reverse-engineered 6th generation policy', 'GTA-5', 19, 'http://dummyimage.com/2209x1389.png/cc0000/ffffff', 37);
insert into post_multimedia (id, datetime, descricao, jogo, likes, multimedia, gamer_id) values (185, '2022-04-30 14:43:15', 'Universal high-level paradigm', 'GTA-5', 49, 'http://dummyimage.com/1316x1940.png/5fa2dd/ffffff', 13);
insert into post_multimedia (id, datetime, descricao, jogo, likes, multimedia, gamer_id) values (186, '2021-11-16 09:02:08', 'Distributed full-range instruction set', 'GTA-5', 72, 'http://dummyimage.com/1489x1518.png/cc0000/ffffff', 24);
insert into post_multimedia (id, datetime, descricao, jogo, likes, multimedia, gamer_id) values (187, '2022-04-22 20:54:34', 'Right-sized real-time utilisation', 'GTA-5', 89, 'http://dummyimage.com/2491x1061.png/ff4444/ffffff', 77);
insert into post_multimedia (id, datetime, descricao, jogo, likes, multimedia, gamer_id) values (188, '2021-10-17 09:29:21', 'Adaptive modular customer loyalty', 'GTA-5', 12, 'http://dummyimage.com/2463x1914.png/ff4444/ffffff', 39);
insert into post_multimedia (id, datetime, descricao, jogo, likes, multimedia, gamer_id) values (189, '2021-12-31 11:31:38', 'Enhanced solution-oriented migration', 'GTA-5', 13, 'http://dummyimage.com/1640x2164.png/5fa2dd/ffffff', 47);
insert into post_multimedia (id, datetime, descricao, jogo, likes, multimedia, gamer_id) values (190, '2022-05-03 15:38:38', 'Quality-focused contextually-based portal', 'GTA-5', 27, 'http://dummyimage.com/2332x1712.png/ff4444/ffffff', 84);
insert into post_multimedia (id, datetime, descricao, jogo, likes, multimedia, gamer_id) values (191, '2021-08-01 13:16:56', 'Automated multimedia standardization', 'GTA-5', 11, 'http://dummyimage.com/2057x1675.png/ff4444/ffffff', 28);
insert into post_multimedia (id, datetime, descricao, jogo, likes, multimedia, gamer_id) values (192, '2021-12-14 05:13:42', 'Multi-layered multi-state monitoring', 'GTA-5', 16, 'http://dummyimage.com/1788x1849.png/ff4444/ffffff', 97);
insert into post_multimedia (id, datetime, descricao, jogo, likes, multimedia, gamer_id) values (193, '2022-01-18 19:34:56', 'Synchronised demand-driven data-warehouse', 'GTA-5', 82, 'http://dummyimage.com/1811x1235.png/5fa2dd/ffffff', 82);
insert into post_multimedia (id, datetime, descricao, jogo, likes, multimedia, gamer_id) values (194, '2022-01-02 01:28:30', 'De-engineered contextually-based Graphic Interface', 'GTA-5', 49, 'http://dummyimage.com/1861x1923.png/5fa2dd/ffffff', 22);
insert into post_multimedia (id, datetime, descricao, jogo, likes, multimedia, gamer_id) values (195, '2022-03-23 07:31:59', 'Decentralized even-keeled synergy', 'GTA-5', 10, 'http://dummyimage.com/1179x2250.png/cc0000/ffffff', 64);
insert into post_multimedia (id, datetime, descricao, jogo, likes, multimedia, gamer_id) values (196, '2021-07-17 03:36:09', 'Virtual tertiary budgetary management', 'GTA-5', 92, 'http://dummyimage.com/1574x2435.png/cc0000/ffffff', 87);
insert into post_multimedia (id, datetime, descricao, jogo, likes, multimedia, gamer_id) values (197, '2021-12-18 11:04:01', 'Synergistic zero administration framework', 'GTA-5', 61, 'http://dummyimage.com/1596x1184.png/cc0000/ffffff', 27);
insert into post_multimedia (id, datetime, descricao, jogo, likes, multimedia, gamer_id) values (198, '2021-06-06 17:36:31', 'Integrated client-server application', 'GTA-5', 99, 'http://dummyimage.com/1648x1355.png/cc0000/ffffff', 66);
insert into post_multimedia (id, datetime, descricao, jogo, likes, multimedia, gamer_id) values (199, '2021-10-08 18:40:58', 'Enterprise-wide content-based help-desk', 'GTA-5', 88, 'http://dummyimage.com/1440x1422.png/cc0000/ffffff', 63);
insert into post_multimedia (id, datetime, descricao, jogo, likes, multimedia, gamer_id) values (200, '2022-02-09 10:18:37', 'Multi-lateral transitional success', 'GTA-5', 38, 'http://dummyimage.com/1744x2289.png/cc0000/ffffff', 9);
insert into post_multimedia (id, datetime, descricao, jogo, likes, multimedia, gamer_id) values (201, '2021-08-25 04:29:33', 'Optimized context-sensitive productivity', 'GTA-5', 13, 'http://dummyimage.com/2458x1865.png/5fa2dd/ffffff', 85);
insert into post_multimedia (id, datetime, descricao, jogo, likes, multimedia, gamer_id) values (202, '2021-08-22 17:23:02', 'Ergonomic foreground benchmark', 'GTA-5', 85, 'http://dummyimage.com/1737x2148.png/dddddd/000000', 9);
insert into post_multimedia (id, datetime, descricao, jogo, likes, multimedia, gamer_id) values (203, '2022-03-21 05:42:45', 'Extended directional algorithm', 'GTA-5', 49, 'http://dummyimage.com/1685x1120.png/ff4444/ffffff', 37);
insert into post_multimedia (id, datetime, descricao, jogo, likes, multimedia, gamer_id) values (204, '2022-04-10 01:40:31', 'Upgradable full-range capability', 'GTA-5', 82, 'http://dummyimage.com/1287x1367.png/cc0000/ffffff', 53);
insert into post_multimedia (id, datetime, descricao, jogo, likes, multimedia, gamer_id) values (205, '2022-05-01 03:15:14', 'Streamlined clear-thinking strategy', 'GTA-5', 76, 'http://dummyimage.com/1079x1253.png/5fa2dd/ffffff', 81);
insert into post_multimedia (id, datetime, descricao, jogo, likes, multimedia, gamer_id) values (206, '2021-08-21 20:10:06', 'Optional holistic definition', 'GTA-5', 51, 'http://dummyimage.com/2004x2274.png/ff4444/ffffff', 61);
insert into post_multimedia (id, datetime, descricao, jogo, likes, multimedia, gamer_id) values (207, '2022-03-17 14:51:23', 'Total intermediate budgetary management', 'GTA-5', 58, 'http://dummyimage.com/1802x1755.png/ff4444/ffffff', 61);
insert into post_multimedia (id, datetime, descricao, jogo, likes, multimedia, gamer_id) values (208, '2021-07-17 16:53:02', 'Inverse incremental artificial intelligence', 'GTA-5', 79, 'http://dummyimage.com/1113x1499.png/cc0000/ffffff', 46);
insert into post_multimedia (id, datetime, descricao, jogo, likes, multimedia, gamer_id) values (209, '2021-10-15 02:24:46', 'Organic web-enabled firmware', 'GTA-5', 69, 'http://dummyimage.com/2214x1701.png/5fa2dd/ffffff', 9);
insert into post_multimedia (id, datetime, descricao, jogo, likes, multimedia, gamer_id) values (210, '2021-08-21 23:26:52', 'Implemented fresh-thinking pricing structure', 'GTA-5', 54, 'http://dummyimage.com/1241x1001.png/5fa2dd/ffffff', 49);
insert into post_multimedia (id, datetime, descricao, jogo, likes, multimedia, gamer_id) values (211, '2022-01-26 13:45:44', 'Streamlined multimedia forecast', 'GTA-5', 74, 'http://dummyimage.com/1139x2430.png/cc0000/ffffff', 17);
insert into post_multimedia (id, datetime, descricao, jogo, likes, multimedia, gamer_id) values (212, '2021-10-02 06:18:45', 'Exclusive static hierarchy', 'GTA-5', 80, 'http://dummyimage.com/2131x2150.png/ff4444/ffffff', 35);
insert into post_multimedia (id, datetime, descricao, jogo, likes, multimedia, gamer_id) values (213, '2022-05-03 09:45:53', 'Robust optimizing conglomeration', 'GTA-5', 56, 'http://dummyimage.com/2409x2185.png/cc0000/ffffff', 73);
insert into post_multimedia (id, datetime, descricao, jogo, likes, multimedia, gamer_id) values (214, '2021-12-20 06:47:59', 'Organized even-keeled solution', 'GTA-5', 97, 'http://dummyimage.com/2026x2324.png/dddddd/000000', 19);
insert into post_multimedia (id, datetime, descricao, jogo, likes, multimedia, gamer_id) values (215, '2021-07-31 13:17:25', 'Front-line zero tolerance local area network', 'GTA-5', 9, 'http://dummyimage.com/1955x1106.png/dddddd/000000', 78);
insert into post_multimedia (id, datetime, descricao, jogo, likes, multimedia, gamer_id) values (216, '2021-08-13 14:59:58', 'Triple-buffered systematic workforce', 'GTA-5', 98, 'http://dummyimage.com/1599x2340.png/ff4444/ffffff', 76);
insert into post_multimedia (id, datetime, descricao, jogo, likes, multimedia, gamer_id) values (217, '2022-01-04 18:22:06', 'Exclusive empowering utilisation', 'GTA-5', 1, 'http://dummyimage.com/2097x1448.png/5fa2dd/ffffff', 88);
insert into post_multimedia (id, datetime, descricao, jogo, likes, multimedia, gamer_id) values (218, '2022-01-13 23:49:20', 'Secured uniform toolset', 'GTA-5', 5, 'http://dummyimage.com/2049x1994.png/dddddd/000000', 45);
insert into post_multimedia (id, datetime, descricao, jogo, likes, multimedia, gamer_id) values (219, '2021-11-09 07:02:38', 'Optional fault-tolerant interface', 'GTA-5', 8, 'http://dummyimage.com/1386x1926.png/5fa2dd/ffffff', 67);
insert into post_multimedia (id, datetime, descricao, jogo, likes, multimedia, gamer_id) values (220, '2022-05-25 10:39:16', 'Advanced solution-oriented methodology', 'GTA-5', 98, 'http://dummyimage.com/2277x1669.png/ff4444/ffffff', 46);
insert into post_multimedia (id, datetime, descricao, jogo, likes, multimedia, gamer_id) values (221, '2021-10-15 18:27:36', 'Ergonomic multi-state data-warehouse', 'GTA-5', 65, 'http://dummyimage.com/1853x2024.png/ff4444/ffffff', 47);
insert into post_multimedia (id, datetime, descricao, jogo, likes, multimedia, gamer_id) values (222, '2021-06-12 02:41:25', 'User-friendly heuristic array', 'GTA-5', 44, 'http://dummyimage.com/1104x1270.png/ff4444/ffffff', 37);
insert into post_multimedia (id, datetime, descricao, jogo, likes, multimedia, gamer_id) values (223, '2022-03-08 02:04:43', 'Down-sized uniform interface', 'GTA-5', 30, 'http://dummyimage.com/1458x2327.png/dddddd/000000', 55);
insert into post_multimedia (id, datetime, descricao, jogo, likes, multimedia, gamer_id) values (224, '2022-02-15 12:36:14', 'Fundamental fault-tolerant task-force', 'GTA-5', 59, 'http://dummyimage.com/1116x1454.png/5fa2dd/ffffff', 26);
insert into post_multimedia (id, datetime, descricao, jogo, likes, multimedia, gamer_id) values (225, '2022-01-17 14:36:36', 'Switchable upward-trending parallelism', 'GTA-5', 92, 'http://dummyimage.com/1505x1163.png/dddddd/000000', 66);
insert into post_multimedia (id, datetime, descricao, jogo, likes, multimedia, gamer_id) values (226, '2021-09-23 10:36:33', 'User-centric empowering knowledge user', 'GTA-5', 12, 'http://dummyimage.com/1195x1280.png/ff4444/ffffff', 27);
insert into post_multimedia (id, datetime, descricao, jogo, likes, multimedia, gamer_id) values (227, '2021-09-10 08:08:16', 'Right-sized high-level orchestration', 'GTA-5', 70, 'http://dummyimage.com/1480x1156.png/dddddd/000000', 18);
insert into post_multimedia (id, datetime, descricao, jogo, likes, multimedia, gamer_id) values (228, '2021-07-04 05:43:26', 'Realigned tangible hardware', 'GTA-5', 32, 'http://dummyimage.com/1449x2077.png/5fa2dd/ffffff', 3);
insert into post_multimedia (id, datetime, descricao, jogo, likes, multimedia, gamer_id) values (229, '2022-02-07 15:27:54', 'Centralized static parallelism', 'GTA-5', 39, 'http://dummyimage.com/1830x1394.png/5fa2dd/ffffff', 36);
insert into post_multimedia (id, datetime, descricao, jogo, likes, multimedia, gamer_id) values (230, '2021-07-14 19:49:59', 'Horizontal composite open system', 'GTA-5', 10, 'http://dummyimage.com/1876x1660.png/cc0000/ffffff', 19);
insert into post_multimedia (id, datetime, descricao, jogo, likes, multimedia, gamer_id) values (231, '2021-07-31 06:19:47', 'Virtual solution-oriented budgetary management', 'GTA-5', 62, 'http://dummyimage.com/1599x1169.png/cc0000/ffffff', 10);
insert into post_multimedia (id, datetime, descricao, jogo, likes, multimedia, gamer_id) values (232, '2021-12-18 01:18:49', 'Assimilated local data-warehouse', 'GTA-5', 12, 'http://dummyimage.com/1680x2149.png/ff4444/ffffff', 75);
insert into post_multimedia (id, datetime, descricao, jogo, likes, multimedia, gamer_id) values (233, '2022-01-31 21:41:52', 'Diverse attitude-oriented matrices', 'GTA-5', 76, 'http://dummyimage.com/1706x1480.png/ff4444/ffffff', 26);
insert into post_multimedia (id, datetime, descricao, jogo, likes, multimedia, gamer_id) values (234, '2021-09-22 12:34:22', 'Synergistic high-level data-warehouse', 'GTA-5', 78, 'http://dummyimage.com/2004x1889.png/dddddd/000000', 53);
insert into post_multimedia (id, datetime, descricao, jogo, likes, multimedia, gamer_id) values (235, '2022-05-31 07:56:59', 'Optimized fault-tolerant hub', 'GTA-5', 95, 'http://dummyimage.com/1915x1249.png/ff4444/ffffff', 42);
insert into post_multimedia (id, datetime, descricao, jogo, likes, multimedia, gamer_id) values (236, '2022-01-24 22:53:46', 'Progressive mission-critical moratorium', 'GTA-5', 90, 'http://dummyimage.com/1177x1180.png/dddddd/000000', 7);
insert into post_multimedia (id, datetime, descricao, jogo, likes, multimedia, gamer_id) values (237, '2021-11-03 07:35:43', 'Visionary optimizing installation', 'GTA-5', 19, 'http://dummyimage.com/2101x2205.png/5fa2dd/ffffff', 92);
insert into post_multimedia (id, datetime, descricao, jogo, likes, multimedia, gamer_id) values (238, '2021-11-15 14:21:16', 'Exclusive non-volatile data-warehouse', 'GTA-5', 56, 'http://dummyimage.com/1340x1444.png/dddddd/000000', 83);
insert into post_multimedia (id, datetime, descricao, jogo, likes, multimedia, gamer_id) values (239, '2021-08-01 23:49:27', 'Fully-configurable homogeneous initiative', 'GTA-5', 64, 'http://dummyimage.com/1367x2135.png/5fa2dd/ffffff', 32);
insert into post_multimedia (id, datetime, descricao, jogo, likes, multimedia, gamer_id) values (240, '2022-01-22 03:03:50', 'Decentralized national product', 'GTA-5', 54, 'http://dummyimage.com/1189x2204.png/cc0000/ffffff', 42);
insert into post_multimedia (id, datetime, descricao, jogo, likes, multimedia, gamer_id) values (241, '2021-10-23 00:25:03', 'Organic fault-tolerant synergy', 'GTA-5', 8, 'http://dummyimage.com/2227x1812.png/dddddd/000000', 44);
insert into post_multimedia (id, datetime, descricao, jogo, likes, multimedia, gamer_id) values (242, '2022-05-08 23:01:05', 'Reactive logistical conglomeration', 'GTA-5', 31, 'http://dummyimage.com/1575x2179.png/dddddd/000000', 93);
insert into post_multimedia (id, datetime, descricao, jogo, likes, multimedia, gamer_id) values (243, '2021-12-03 02:43:12', 'Quality-focused asymmetric success', 'GTA-5', 35, 'http://dummyimage.com/2062x1808.png/dddddd/000000', 67);
insert into post_multimedia (id, datetime, descricao, jogo, likes, multimedia, gamer_id) values (244, '2022-04-17 04:55:46', 'Exclusive neutral artificial intelligence', 'GTA-5', 39, 'http://dummyimage.com/1980x2410.png/5fa2dd/ffffff', 27);
insert into post_multimedia (id, datetime, descricao, jogo, likes, multimedia, gamer_id) values (245, '2021-08-07 07:12:28', 'De-engineered 24/7 synergy', 'GTA-5', 81, 'http://dummyimage.com/2171x1950.png/5fa2dd/ffffff', 99);
insert into post_multimedia (id, datetime, descricao, jogo, likes, multimedia, gamer_id) values (246, '2021-11-25 03:38:47', 'Virtual demand-driven functionalities', 'GTA-5', 19, 'http://dummyimage.com/2070x1690.png/ff4444/ffffff', 46);
insert into post_multimedia (id, datetime, descricao, jogo, likes, multimedia, gamer_id) values (247, '2022-01-08 16:42:30', 'Up-sized object-oriented toolset', 'GTA-5', 17, 'http://dummyimage.com/1403x1776.png/dddddd/000000', 87);
insert into post_multimedia (id, datetime, descricao, jogo, likes, multimedia, gamer_id) values (248, '2022-01-29 04:42:52', 'Enhanced user-facing frame', 'GTA-5', 40, 'http://dummyimage.com/2048x2174.png/cc0000/ffffff', 92);
insert into post_multimedia (id, datetime, descricao, jogo, likes, multimedia, gamer_id) values (249, '2022-01-15 13:35:16', 'Cloned scalable moderator', 'GTA-5', 80, 'http://dummyimage.com/1919x1317.png/dddddd/000000', 6);
insert into post_multimedia (id, datetime, descricao, jogo, likes, multimedia, gamer_id) values (250, '2022-02-15 14:55:04', 'Switchable national hierarchy', 'GTA-5', 80, 'http://dummyimage.com/2192x1659.png/ff4444/ffffff', 46);
insert into post_multimedia (id, datetime, descricao, jogo, likes, multimedia, gamer_id) values (251, '2021-12-20 19:24:43', 'Customizable stable throughput', 'GTA-5', 13, 'http://dummyimage.com/1015x2396.png/5fa2dd/ffffff', 23);
insert into post_multimedia (id, datetime, descricao, jogo, likes, multimedia, gamer_id) values (252, '2022-01-26 02:07:05', 'Persevering intangible orchestration', 'GTA-5', 95, 'http://dummyimage.com/1966x1159.png/dddddd/000000', 83);
insert into post_multimedia (id, datetime, descricao, jogo, likes, multimedia, gamer_id) values (253, '2021-12-14 22:54:06', 'Team-oriented fresh-thinking database', 'GTA-5', 10, 'http://dummyimage.com/1084x1902.png/5fa2dd/ffffff', 19);
insert into post_multimedia (id, datetime, descricao, jogo, likes, multimedia, gamer_id) values (254, '2022-03-30 15:05:08', 'Secured mission-critical project', 'GTA-5', 86, 'http://dummyimage.com/1333x1408.png/ff4444/ffffff', 99);
insert into post_multimedia (id, datetime, descricao, jogo, likes, multimedia, gamer_id) values (255, '2021-09-29 13:48:45', 'Implemented fresh-thinking concept', 'GTA-5', 85, 'http://dummyimage.com/1683x1897.png/5fa2dd/ffffff', 64);
insert into post_multimedia (id, datetime, descricao, jogo, likes, multimedia, gamer_id) values (256, '2021-08-20 23:28:58', 'Persistent actuating application', 'GTA-5', 48, 'http://dummyimage.com/2049x1851.png/cc0000/ffffff', 20);
insert into post_multimedia (id, datetime, descricao, jogo, likes, multimedia, gamer_id) values (257, '2021-07-11 06:10:07', 'Compatible 3rd generation help-desk', 'GTA-5', 40, 'http://dummyimage.com/2127x1322.png/5fa2dd/ffffff', 15);
insert into post_multimedia (id, datetime, descricao, jogo, likes, multimedia, gamer_id) values (258, '2021-12-03 03:58:40', 'Adaptive next generation knowledge base', 'GTA-5', 45, 'http://dummyimage.com/2242x1793.png/ff4444/ffffff', 98);
insert into post_multimedia (id, datetime, descricao, jogo, likes, multimedia, gamer_id) values (259, '2021-07-30 04:25:22', 'Automated multi-state moratorium', 'GTA-5', 16, 'http://dummyimage.com/1988x1314.png/dddddd/000000', 31);
insert into post_multimedia (id, datetime, descricao, jogo, likes, multimedia, gamer_id) values (260, '2022-05-20 08:56:57', 'Integrated global process improvement', 'GTA-5', 88, 'http://dummyimage.com/2003x2101.png/ff4444/ffffff', 51);
insert into post_multimedia (id, datetime, descricao, jogo, likes, multimedia, gamer_id) values (261, '2021-10-14 06:04:46', 'Secured homogeneous analyzer', 'GTA-5', 51, 'http://dummyimage.com/2000x2327.png/cc0000/ffffff', 65);
insert into post_multimedia (id, datetime, descricao, jogo, likes, multimedia, gamer_id) values (262, '2021-09-19 23:40:53', 'Integrated regional core', 'GTA-5', 6, 'http://dummyimage.com/1210x2266.png/5fa2dd/ffffff', 65);
insert into post_multimedia (id, datetime, descricao, jogo, likes, multimedia, gamer_id) values (263, '2021-12-26 12:25:22', 'Extended reciprocal protocol', 'GTA-5', 7, 'http://dummyimage.com/1381x2463.png/ff4444/ffffff', 54);
insert into post_multimedia (id, datetime, descricao, jogo, likes, multimedia, gamer_id) values (264, '2022-02-06 01:25:12', 'Seamless solution-oriented attitude', 'GTA-5', 84, 'http://dummyimage.com/1455x2020.png/cc0000/ffffff', 91);
insert into post_multimedia (id, datetime, descricao, jogo, likes, multimedia, gamer_id) values (265, '2022-04-03 23:39:41', 'Team-oriented dynamic conglomeration', 'GTA-5', 78, 'http://dummyimage.com/1578x1257.png/ff4444/ffffff', 23);
insert into post_multimedia (id, datetime, descricao, jogo, likes, multimedia, gamer_id) values (266, '2022-04-06 16:53:34', 'Profound client-server projection', 'GTA-5', 28, 'http://dummyimage.com/1331x1542.png/5fa2dd/ffffff', 81);
insert into post_multimedia (id, datetime, descricao, jogo, likes, multimedia, gamer_id) values (267, '2022-02-12 01:41:25', 'Public-key exuding matrix', 'GTA-5', 100, 'http://dummyimage.com/2311x2053.png/dddddd/000000', 7);
insert into post_multimedia (id, datetime, descricao, jogo, likes, multimedia, gamer_id) values (268, '2021-10-30 09:15:16', 'Extended actuating utilisation', 'GTA-5', 91, 'http://dummyimage.com/1087x2112.png/dddddd/000000', 71);
insert into post_multimedia (id, datetime, descricao, jogo, likes, multimedia, gamer_id) values (269, '2021-12-09 23:25:57', 'Reduced national support', 'GTA-5', 65, 'http://dummyimage.com/1424x2339.png/cc0000/ffffff', 1);
insert into post_multimedia (id, datetime, descricao, jogo, likes, multimedia, gamer_id) values (270, '2022-01-29 06:48:22', 'Synchronised modular adapter', 'GTA-5', 30, 'http://dummyimage.com/2470x1259.png/ff4444/ffffff', 99);
insert into post_multimedia (id, datetime, descricao, jogo, likes, multimedia, gamer_id) values (271, '2022-01-06 03:09:51', 'Team-oriented leading edge array', 'GTA-5', 28, 'http://dummyimage.com/1018x1123.png/cc0000/ffffff', 50);
insert into post_multimedia (id, datetime, descricao, jogo, likes, multimedia, gamer_id) values (272, '2021-11-06 04:24:56', 'Visionary exuding moratorium', 'GTA-5', 29, 'http://dummyimage.com/1988x1059.png/cc0000/ffffff', 87);
insert into post_multimedia (id, datetime, descricao, jogo, likes, multimedia, gamer_id) values (273, '2021-08-22 17:18:11', 'Expanded web-enabled contingency', 'GTA-5', 66, 'http://dummyimage.com/2381x1789.png/ff4444/ffffff', 8);
insert into post_multimedia (id, datetime, descricao, jogo, likes, multimedia, gamer_id) values (274, '2022-02-18 16:00:02', 'Switchable dedicated superstructure', 'GTA-5', 50, 'http://dummyimage.com/1874x1755.png/cc0000/ffffff', 50);
insert into post_multimedia (id, datetime, descricao, jogo, likes, multimedia, gamer_id) values (275, '2022-04-27 22:10:03', 'Secured composite utilisation', 'GTA-5', 45, 'http://dummyimage.com/1310x1934.png/cc0000/ffffff', 82);
insert into post_multimedia (id, datetime, descricao, jogo, likes, multimedia, gamer_id) values (276, '2022-05-27 01:55:08', 'Assimilated even-keeled capacity', 'GTA-5', 46, 'http://dummyimage.com/2139x1656.png/dddddd/000000', 13);
insert into post_multimedia (id, datetime, descricao, jogo, likes, multimedia, gamer_id) values (277, '2021-08-13 16:49:10', 'Cross-platform human-resource knowledge base', 'GTA-5', 95, 'http://dummyimage.com/1790x1431.png/cc0000/ffffff', 99);
insert into post_multimedia (id, datetime, descricao, jogo, likes, multimedia, gamer_id) values (278, '2022-02-14 04:34:24', 'Phased discrete moderator', 'GTA-5', 84, 'http://dummyimage.com/2247x1886.png/cc0000/ffffff', 20);
insert into post_multimedia (id, datetime, descricao, jogo, likes, multimedia, gamer_id) values (279, '2021-10-15 01:13:37', 'Synergized mission-critical encoding', 'GTA-5', 21, 'http://dummyimage.com/2048x1678.png/dddddd/000000', 97);
insert into post_multimedia (id, datetime, descricao, jogo, likes, multimedia, gamer_id) values (280, '2022-02-24 19:21:27', 'Open-architected directional artificial intelligence', 'GTA-5', 85, 'http://dummyimage.com/2266x1399.png/5fa2dd/ffffff', 64);
insert into post_multimedia (id, datetime, descricao, jogo, likes, multimedia, gamer_id) values (281, '2022-03-23 23:40:56', 'Function-based regional intranet', 'GTA-5', 94, 'http://dummyimage.com/1649x2126.png/5fa2dd/ffffff', 72);
insert into post_multimedia (id, datetime, descricao, jogo, likes, multimedia, gamer_id) values (282, '2021-10-30 01:07:54', 'Adaptive secondary archive', 'GTA-5', 98, 'http://dummyimage.com/1811x1379.png/dddddd/000000', 71);
insert into post_multimedia (id, datetime, descricao, jogo, likes, multimedia, gamer_id) values (283, '2021-12-16 22:37:13', 'Multi-channelled motivating collaboration', 'GTA-5', 87, 'http://dummyimage.com/1880x2061.png/cc0000/ffffff', 20);
insert into post_multimedia (id, datetime, descricao, jogo, likes, multimedia, gamer_id) values (284, '2021-09-06 02:06:20', 'Horizontal impactful migration', 'GTA-5', 25, 'http://dummyimage.com/2311x2142.png/ff4444/ffffff', 61);
insert into post_multimedia (id, datetime, descricao, jogo, likes, multimedia, gamer_id) values (285, '2021-08-16 13:56:28', 'Centralized demand-driven help-desk', 'GTA-5', 62, 'http://dummyimage.com/1299x1433.png/5fa2dd/ffffff', 5);
insert into post_multimedia (id, datetime, descricao, jogo, likes, multimedia, gamer_id) values (286, '2022-05-08 16:50:44', 'Compatible solution-oriented time-frame', 'GTA-5', 76, 'http://dummyimage.com/2228x2149.png/5fa2dd/ffffff', 51);
insert into post_multimedia (id, datetime, descricao, jogo, likes, multimedia, gamer_id) values (287, '2021-07-16 20:10:56', 'Triple-buffered context-sensitive archive', 'GTA-5', 12, 'http://dummyimage.com/2424x1323.png/ff4444/ffffff', 13);
insert into post_multimedia (id, datetime, descricao, jogo, likes, multimedia, gamer_id) values (288, '2021-12-25 03:08:12', 'User-centric mobile orchestration', 'GTA-5', 97, 'http://dummyimage.com/2079x1711.png/5fa2dd/ffffff', 69);
insert into post_multimedia (id, datetime, descricao, jogo, likes, multimedia, gamer_id) values (289, '2022-04-08 21:58:40', 'Virtual human-resource migration', 'GTA-5', 28, 'http://dummyimage.com/2251x2311.png/dddddd/000000', 43);
insert into post_multimedia (id, datetime, descricao, jogo, likes, multimedia, gamer_id) values (290, '2022-03-14 16:20:47', 'Switchable holistic software', 'GTA-5', 89, 'http://dummyimage.com/2151x2049.png/5fa2dd/ffffff', 87);
insert into post_multimedia (id, datetime, descricao, jogo, likes, multimedia, gamer_id) values (291, '2021-11-10 01:31:08', 'Self-enabling asymmetric middleware', 'GTA-5', 76, 'http://dummyimage.com/2336x1260.png/cc0000/ffffff', 30);
insert into post_multimedia (id, datetime, descricao, jogo, likes, multimedia, gamer_id) values (292, '2021-11-16 15:02:02', 'Face to face zero tolerance moderator', 'GTA-5', 51, 'http://dummyimage.com/1625x1743.png/ff4444/ffffff', 87);
insert into post_multimedia (id, datetime, descricao, jogo, likes, multimedia, gamer_id) values (293, '2021-08-10 19:37:49', 'Profit-focused actuating approach', 'GTA-5', 15, 'http://dummyimage.com/2040x1954.png/ff4444/ffffff', 43);
insert into post_multimedia (id, datetime, descricao, jogo, likes, multimedia, gamer_id) values (294, '2022-01-09 12:49:07', 'Managed 24 hour orchestration', 'GTA-5', 15, 'http://dummyimage.com/1359x1560.png/5fa2dd/ffffff', 64);
insert into post_multimedia (id, datetime, descricao, jogo, likes, multimedia, gamer_id) values (295, '2022-04-13 19:00:31', 'Multi-tiered fresh-thinking intranet', 'GTA-5', 3, 'http://dummyimage.com/1573x1693.png/dddddd/000000', 62);
insert into post_multimedia (id, datetime, descricao, jogo, likes, multimedia, gamer_id) values (296, '2021-10-07 00:05:37', 'Self-enabling motivating instruction set', 'GTA-5', 63, 'http://dummyimage.com/2168x1307.png/ff4444/ffffff', 69);
insert into post_multimedia (id, datetime, descricao, jogo, likes, multimedia, gamer_id) values (297, '2022-05-03 14:07:09', 'Organic mission-critical parallelism', 'GTA-5', 36, 'http://dummyimage.com/1905x1463.png/ff4444/ffffff', 70);
insert into post_multimedia (id, datetime, descricao, jogo, likes, multimedia, gamer_id) values (298, '2021-10-13 23:23:34', 'Intuitive analyzing local area network', 'GTA-5', 79, 'http://dummyimage.com/2350x1570.png/dddddd/000000', 83);
insert into post_multimedia (id, datetime, descricao, jogo, likes, multimedia, gamer_id) values (299, '2021-12-11 08:33:00', 'Automated encompassing open system', 'GTA-5', 46, 'http://dummyimage.com/1251x1514.png/dddddd/000000', 34);
insert into post_multimedia (id, datetime, descricao, jogo, likes, multimedia, gamer_id) values (300, '2021-09-21 15:55:22', 'Optimized 6th generation parallelism', 'GTA-5', 99, 'http://dummyimage.com/1444x2043.png/dddddd/000000', 27);

#################
# Criar Tag
insert into tag (id, descricao, fim_torneio, tag, recompensa_id) values (1, 'NEWS', NULL, 'NEWS', NULL);
insert into tag (id, descricao, fim_torneio, tag, recompensa_id) values (2, 'Multi-layered clear-thinking concept', '2022-05-21 14:58:43', 'Povidone Iodine', 12);
insert into tag (id, descricao, fim_torneio, tag, recompensa_id) values (3, 'Re-contextualized upward-trending framework', '2022-12-08 08:54:27', 'ARNICA MONTANA (WHOLE PLANT)', 13);
insert into tag (id, descricao, fim_torneio, tag, recompensa_id) values (4, 'Secured national flexibility', '2022-07-08 15:16:50', 'Pyridostigmine Bromide', 14);
insert into tag (id, descricao, fim_torneio, tag, recompensa_id) values (5, 'Right-sized exuding paradigm', '2022-05-05 21:18:33', 'Sulfamethoxazole and Trimethoprim', 15);

insert into tag (id, descricao, fim_torneio, tag, recompensa_id) values (6, 'Tag do jogo Multiplayer', NULL, 'Multiplayer', NULL);



##################
# Criar Tags Jogo
insert into jogo_tags values (1,6);
insert into jogo_tags values (2,6);
insert into jogo_tags values (3,6);
insert into jogo_tags values (4,6);
insert into jogo_tags values (5,6);
insert into jogo_tags values (6,6);
insert into jogo_tags values (7,6);
insert into jogo_tags values (8,6);
insert into jogo_tags values (9,6);
insert into jogo_tags values (10,6);
insert into jogo_tags values (11,6);
insert into jogo_tags values (12,6);
insert into jogo_tags values (13,6);
insert into jogo_tags values (14,6);
insert into jogo_tags values (15,6);
insert into jogo_tags values (16,6);
insert into jogo_tags values (17,6);
insert into jogo_tags values (18,6);
insert into jogo_tags values (19,6);
insert into jogo_tags values (20,6);
insert into jogo_tags values (21,6);
insert into jogo_tags values (22,6);
insert into jogo_tags values (23,6);


#################
# Criar post media tags
insert into post_multimedia_tags (post_multimedia_id, tags_id) values (1, 3);
insert into post_multimedia_tags (post_multimedia_id, tags_id) values (2, 2);
insert into post_multimedia_tags (post_multimedia_id, tags_id) values (3, 3);
insert into post_multimedia_tags (post_multimedia_id, tags_id) values (4, 2);
insert into post_multimedia_tags (post_multimedia_id, tags_id) values (5, 3);
insert into post_multimedia_tags (post_multimedia_id, tags_id) values (6, 3);
insert into post_multimedia_tags (post_multimedia_id, tags_id) values (7, 5);
insert into post_multimedia_tags (post_multimedia_id, tags_id) values (8, 3);
insert into post_multimedia_tags (post_multimedia_id, tags_id) values (9, 2);
insert into post_multimedia_tags (post_multimedia_id, tags_id) values (10, 3);
insert into post_multimedia_tags (post_multimedia_id, tags_id) values (11, 5);
insert into post_multimedia_tags (post_multimedia_id, tags_id) values (12, 1);
insert into post_multimedia_tags (post_multimedia_id, tags_id) values (13, 3);
insert into post_multimedia_tags (post_multimedia_id, tags_id) values (14, 1);
insert into post_multimedia_tags (post_multimedia_id, tags_id) values (15, 3);
insert into post_multimedia_tags (post_multimedia_id, tags_id) values (16, 3);
insert into post_multimedia_tags (post_multimedia_id, tags_id) values (17, 4);
insert into post_multimedia_tags (post_multimedia_id, tags_id) values (18, 4);
insert into post_multimedia_tags (post_multimedia_id, tags_id) values (19, 2);
insert into post_multimedia_tags (post_multimedia_id, tags_id) values (20, 3);
insert into post_multimedia_tags (post_multimedia_id, tags_id) values (21, 5);
insert into post_multimedia_tags (post_multimedia_id, tags_id) values (22, 3);
insert into post_multimedia_tags (post_multimedia_id, tags_id) values (23, 1);
insert into post_multimedia_tags (post_multimedia_id, tags_id) values (24, 1);
insert into post_multimedia_tags (post_multimedia_id, tags_id) values (25, 5);
insert into post_multimedia_tags (post_multimedia_id, tags_id) values (26, 4);
insert into post_multimedia_tags (post_multimedia_id, tags_id) values (27, 3);
insert into post_multimedia_tags (post_multimedia_id, tags_id) values (28, 3);
insert into post_multimedia_tags (post_multimedia_id, tags_id) values (29, 2);
insert into post_multimedia_tags (post_multimedia_id, tags_id) values (30, 4);
insert into post_multimedia_tags (post_multimedia_id, tags_id) values (31, 4);
insert into post_multimedia_tags (post_multimedia_id, tags_id) values (32, 4);
insert into post_multimedia_tags (post_multimedia_id, tags_id) values (33, 1);
insert into post_multimedia_tags (post_multimedia_id, tags_id) values (34, 1);
insert into post_multimedia_tags (post_multimedia_id, tags_id) values (35, 5);
insert into post_multimedia_tags (post_multimedia_id, tags_id) values (36, 3);
insert into post_multimedia_tags (post_multimedia_id, tags_id) values (37, 4);
insert into post_multimedia_tags (post_multimedia_id, tags_id) values (38, 2);
insert into post_multimedia_tags (post_multimedia_id, tags_id) values (39, 4);
insert into post_multimedia_tags (post_multimedia_id, tags_id) values (40, 4);
insert into post_multimedia_tags (post_multimedia_id, tags_id) values (41, 1);
insert into post_multimedia_tags (post_multimedia_id, tags_id) values (42, 1);
insert into post_multimedia_tags (post_multimedia_id, tags_id) values (43, 2);
insert into post_multimedia_tags (post_multimedia_id, tags_id) values (44, 5);
insert into post_multimedia_tags (post_multimedia_id, tags_id) values (45, 2);
insert into post_multimedia_tags (post_multimedia_id, tags_id) values (46, 1);
insert into post_multimedia_tags (post_multimedia_id, tags_id) values (47, 5);
insert into post_multimedia_tags (post_multimedia_id, tags_id) values (48, 2);
insert into post_multimedia_tags (post_multimedia_id, tags_id) values (49, 2);
insert into post_multimedia_tags (post_multimedia_id, tags_id) values (50, 1);









##################
# criar likes
insert into likes (gamer, post) values (1, 72);
insert into likes (gamer, post) values (2, 106);
insert into likes (gamer, post) values (3, 9);
insert into likes (gamer, post) values (4, 74);
insert into likes (gamer, post) values (5, 12);
insert into likes (gamer, post) values (6, 136);
insert into likes (gamer, post) values (7, 118);
insert into likes (gamer, post) values (8, 102);
insert into likes (gamer, post) values (9, 102);
insert into likes (gamer, post) values (10, 70);
insert into likes (gamer, post) values (11, 109);
insert into likes (gamer, post) values (12, 45);
insert into likes (gamer, post) values (13, 117);
insert into likes (gamer, post) values (14, 12);
insert into likes (gamer, post) values (15, 51);
insert into likes (gamer, post) values (16, 42);
insert into likes (gamer, post) values (17, 124);
insert into likes (gamer, post) values (18, 8);
insert into likes (gamer, post) values (19, 90);
insert into likes (gamer, post) values (20, 109);
insert into likes (gamer, post) values (21, 6);
insert into likes (gamer, post) values (22, 43);
insert into likes (gamer, post) values (23, 97);
insert into likes (gamer, post) values (24, 64);
insert into likes (gamer, post) values (25, 123);
insert into likes (gamer, post) values (26, 57);
insert into likes (gamer, post) values (27, 38);
insert into likes (gamer, post) values (28, 60);
insert into likes (gamer, post) values (29, 22);
insert into likes (gamer, post) values (30, 98);
insert into likes (gamer, post) values (31, 146);
insert into likes (gamer, post) values (32, 51);
insert into likes (gamer, post) values (33, 92);
insert into likes (gamer, post) values (34, 67);
insert into likes (gamer, post) values (35, 124);
insert into likes (gamer, post) values (36, 127);
insert into likes (gamer, post) values (37, 92);
insert into likes (gamer, post) values (38, 136);
insert into likes (gamer, post) values (39, 10);
insert into likes (gamer, post) values (40, 74);
insert into likes (gamer, post) values (41, 126);
insert into likes (gamer, post) values (42, 113);
insert into likes (gamer, post) values (43, 106);
insert into likes (gamer, post) values (44, 129);
insert into likes (gamer, post) values (45, 7);
insert into likes (gamer, post) values (46, 87);
insert into likes (gamer, post) values (47, 40);
insert into likes (gamer, post) values (48, 91);
insert into likes (gamer, post) values (49, 16);
insert into likes (gamer, post) values (50, 40);





##########
#Criar dislikes
insert into dislikes (gamer, post) values (51, 264);
insert into dislikes (gamer, post) values (52, 235);
insert into dislikes (gamer, post) values (53, 235);
insert into dislikes (gamer, post) values (54, 232);
insert into dislikes (gamer, post) values (55, 269);
insert into dislikes (gamer, post) values (56, 240);
insert into dislikes (gamer, post) values (57, 218);
insert into dislikes (gamer, post) values (58, 230);
insert into dislikes (gamer, post) values (59, 232);
insert into dislikes (gamer, post) values (60, 258);
insert into dislikes (gamer, post) values (61, 160);
insert into dislikes (gamer, post) values (62, 242);
insert into dislikes (gamer, post) values (63, 231);
insert into dislikes (gamer, post) values (64, 287);
insert into dislikes (gamer, post) values (65, 192);
insert into dislikes (gamer, post) values (66, 194);
insert into dislikes (gamer, post) values (67, 262);
insert into dislikes (gamer, post) values (68, 180);
insert into dislikes (gamer, post) values (69, 256);
insert into dislikes (gamer, post) values (70, 171);
insert into dislikes (gamer, post) values (71, 277);
insert into dislikes (gamer, post) values (72, 215);
insert into dislikes (gamer, post) values (73, 162);
insert into dislikes (gamer, post) values (74, 218);
insert into dislikes (gamer, post) values (75, 209);
insert into dislikes (gamer, post) values (76, 174);
insert into dislikes (gamer, post) values (77, 263);
insert into dislikes (gamer, post) values (78, 241);
insert into dislikes (gamer, post) values (79, 261);
insert into dislikes (gamer, post) values (80, 212);
insert into dislikes (gamer, post) values (81, 272);
insert into dislikes (gamer, post) values (82, 187);
insert into dislikes (gamer, post) values (83, 156);
insert into dislikes (gamer, post) values (84, 289);
insert into dislikes (gamer, post) values (85, 227);
insert into dislikes (gamer, post) values (86, 272);
insert into dislikes (gamer, post) values (87, 287);
insert into dislikes (gamer, post) values (88, 247);
insert into dislikes (gamer, post) values (89, 178);
insert into dislikes (gamer, post) values (90, 254);
insert into dislikes (gamer, post) values (91, 206);
insert into dislikes (gamer, post) values (92, 245);
insert into dislikes (gamer, post) values (93, 198);
insert into dislikes (gamer, post) values (94, 287);
insert into dislikes (gamer, post) values (95, 192);
insert into dislikes (gamer, post) values (96, 297);
insert into dislikes (gamer, post) values (97, 164);
insert into dislikes (gamer, post) values (98, 288);
